cod_mun_6;chuva_mm;tem_estacao
270030;60,8;S
500325;1330,6;S
350370;126,4;S
520740;1462,8;S
330455;1326,8;S
150170;2464,8;S
130240;1650,2;S
352900;1400,2;S
510787;1392,2;S
312800;1407,8;S
521150;549,8;S
431530;1764,4;S
310620;1944,6;S
240200;549,4;S
160053;2344,2;S
352710;293,0;S
150730;333,4;S
350635;2286,8;S
261390;764,6;S
330550;1191,4;S
510410;0,0;S
316935;1355,4;S
210120;1091,2;S
210405;0,0;S
352410;1314,4;S
150360;2074,6;S
500110;1065,4;S
410720;2420,8;S
312600;702,4;S
430040;1734,8;S
330330;1029,8;S
250750;1710,0;S
313670;1600,6;S
411620;2343,8;S
290100;1110,2;S
410490;474,0;S
220440;859,2;S
500190;1374,4;S
314700;1363,8;S
130120;0,0;S
171886;1514,0;S
522020;975,6;S
520170;1399,6;S
431560;1871,6;S
270630;725,4;S
430360;2193,6;S
291640;714,0;S
220260;575,8;S
290340;1221,8;S
293330;209,0;S
431250;121,6;S
211130;2107,6;S
510760;680,6;S
291930;1065,2;S
130140;0,0;S
160050;3114,6;S
311960;1654,6;S
260410;100,2;S
293010;536,2;S
250400;534,0;S
350860;1577,6;S
261000;192,6;S
411020;1980,6;S
317010;1508,0;S
355000;749,8;S
411330;1947,8;S
522040;485,2;S
510030;1387,6;S
150810;422,2;S
312610;975,4;S
120030;2226,0;S
510385;0,0;S
510025;1092,2;S
500830;961,2;S
420360;1899,8;S
170040;1672,8;S
330170;1595,4;S
170200;155,6;S
330580;2365,6;S
330600;1458,6;S
510267;245,2;S
510420;756,0;S
251080;200,8;S
150840;1855,2;S
250970;73,0;S
431130;1864,2;S
220700;1189,4;S
317040;1373,6;S
410570;1458,8;S
320460;1391,0;S
432160;1179,0;S
510788;249,6;S
150240;2641,6;S
310930;1513,0;S
412560;1764,0;S
314505;946,2;S
150658;2042,4;S
355630;1530,0;S
350760;1447,4;S
351080;1003,2;S
410860;1232,8;S
291960;263,0;S
230700;3,0;S
130014;348,0;S
280550;0,0;S
355030;1523,8;S
431000;2259,4;S
510706;1766,2;S
430390;2128,2;S
280450;9,8;S
291560;706,8;S
313330;752,0;S
171660;1174,8;S
411520;1168,2;S
291170;325,8;S
240800;950,2;S
310100;42,4;S
280300;948,2;S
330460;1106,0;S
350600;1053,2;S
290460;598,2;S
313960;1136,6;S
221120;1032,2;S
411230;982,6;S
130190;237,8;S
240810;81,4;S
231340;833,4;S
260600;0,0;S
171190;1009,6;S
420850;1977,6;S
120020;1433,0;S
270230;16,4;S
210320;1597,2;S
320020;1279,6;S
316720;1448,0;S
312160;1553,6;S
230690;0,0;S
290990;470,0;S
130340;2779,4;S
432240;1588,0;S
520620;958,8;S
310340;315,0;S
330090;488,8;S
316860;1187,6;S
130250;1048,4;S
520060;468,2;S
330420;1577,8;S
410850;1815,4;S
521800;1494,2;S
430280;2325,2;S
500500;975,8;S
500630;683,4;S
411830;827,2;S
520860;939,4;S
290475;506,0;S
510735;1173,0;S
521190;1777,2;S
352260;724,4;S
270640;17,0;S
110002;1370,4;S
110030;1862,2;S
500320;980,0;S
293290;0,0;S
314390;1347,0;S
410830;85,4;S
150548;685,8;S
230870;1093,4;S
521310;765,4;S
230550;944,8;S
510890;1171,6;S
316250;1429,2;S
431800;1459,0;S
431740;2217,4;S
411280;711,6;S
220220;118,6;S
150420;0,0;S
420420;2097,8;S
352240;1192,0;S
220060;0,0;S
292070;658,0;S
430700;2246,2;S
510060;0,0;S
320210;874,2;S
521880;1460,8;S
291080;644,6;S
280290;0,0;S
420750;1944,8;S
320506;1489,4;S
315690;1601,6;S
520440;1451,4;S
430440;3310,2;S
150670;1045,4;S
250310;502,8;S
230640;0,0;S
130070;2334,0;S
270850;0,0;S
352030;2147,4;S
520510;1819,6;S
431490;1989,4;S
314560;1422,8;S
230510;42,6;S
291750;0,0;S
500769;729,0;S
170950;1317,8;S
171650;1436,8;S
240100;52,8;S
411140;702,2;S
431730;1443,6;S
150590;2108,2;S
421900;2081,8;S
315700;1481,8;S
150790;1915,8;S
171620;580,0;S
421650;2198,4;S
221060;0,0;S
314590;1020,0;S
320430;1236,0;S
330025;803,8;S
420845;2311,4;S
130030;1529,0;S
430660;1861,6;S
313940;0,0;S
130170;1741,0;S
355090;1380,6;S
311110;1371,8;S
170220;1663,4;S
430850;1924,8;S
260990;653,2;S
230270;0,0;S
500560;964,6;S
170550;1951,2;S
221000;1130,2;S
330340;1059,6;S
351960;162,4;S
330610;1235,0;S
410390;1616,2;S
430160;1878,0;S
313900;904,2;S
316670;194,0;S
315560;927,6;S
351440;1143,4;S
210280;629,2;S
510550;902,0;S
314270;425,4;S
311340;1398,2;S
351620;83,8;S
292430;941,8;S
330240;1056,6;S
311230;733,0;S
431570;2121,8;S
510190;1046,6;S
170384;0,0;S
311730;1209,2;S
431690;2204,2;S
240720;0,0;S
130040;2159,0;S
317130;1533,8;S
411700;385,4;S
150230;1188,0;S
421165;1905,4;S
431862;669,6;S
231140;494,6;S
510080;532,6;S
221100;1305,8;S
354140;595,2;S
500720;1075,4;S
150550;1968,6;S
231330;0,0;S
130330;1620,4;S
150210;0,0;S
510020;1851,0;S
231130;977,2;S
210480;1667,2;S
312430;223,8;S
312320;1520,4;S
421720;1204,0;S
430690;1278,8;S
220045;681,4;S
291460;195,8;S
150180;0,0;S
520870;1739,4;S
355500;1285,4;S
130270;1590,8;S
150808;384,6;S
241120;23,4;S
354090;286,4;S
315200;1195,0;S
500790;1076,8;S
510775;0,0;S
352570;181,2;S
500540;430,0;S
291390;1103,6;S
500295;894,4;S
292580;0,0;S
260660;404,8;S
220290;1050,6;S
420300;1252,2;S
310170;973,8;S
510330;1086,2;S
522060;0,0;S
312090;1049,8;S
150140;3184,2;S
510792;2451,8;S
220390;779,2;S
310400;1662,2;S
430450;1796,2;S
410710;674,2;S
500690;90,0;S
210160;1,6;S
510460;0,0;S
140010;935,6;S
110020;1406,2;S
313990;1559,4;S
220840;1822,2;S
221130;1298,8;S
430610;1888,0;S
330100;1111,0;S
291070;913,6;S
150480;1377,6;S
421950;1033,8;S
291360;2508,4;S
314330;1093,2;S
220115;383,6;S
420900;1148,6;S
430210;2358,2;S
261110;64,4;S
320320;1128,2;S
120039;0,0;S
320520;1274,8;S
500470;1051,6;S
130260;2216,0;S
510510;0,0;S
270710;778,0;S
172100;1861,4;S
510630;0,0;S
412853;884,6;S
510337;2131,2;S
160030;2089,2;S
500020;1130,6;S
420820;2104,4;S
521250;727,2;S
355020;759,4;S
150270;1685,6;S
510704;369,2;S
510770;1622,4;S
350570;82,8;S
292650;512,8;S
170820;1340,6;S
314760;1113,8;S
291320;905,8;S
150060;2104,8;S
420540;1411,2;S
316420;1161,4;S
411727;1352,4;S
291690;541,2;S
261220;376,0;S
510675;538,0;S
314810;694,0;S
350450;947,6;S
292740;1803,2;S
500515;1366,0;S
150565;138,8;S
500793;1416,2;S
150293;1077,4;S
432145;1981,8;S
260300;492,4;S
354220;1178,6;S
312230;1411,6;S
312980;2253,2;S
315120;1231,8;S
510779;60,2;S
230440;1091,2;S
292530;51,6;S
314800;1429,8;S
120040;1849,0;S
521090;1049,0;S
431370;2236,0;S
313520;871,4;S
291110;440,8;S
150506;890,8;S
500660;582,2;S
220780;782,4;S
311030;1528,2;S
410990;0,0;S
420500;2594,0;S
160025;2024,4;S
500290;1432,4;S
171750;589,8;S
240470;695,8;S
500330;961,6;S
110004;1476,6;S
150618;284,0;S
421430;1619,0;S
500370;652,4;S
330385;1048,8;S
500770;905,6;S
510515;1463,8;S
530010;1398,6;S
350970;1846,2;S
521350;1317,4;S
431890;1878,4;S
420140;1865,6;S
210300;1256,4;S
410560;961,0;S
311615;951,8;S
320530;1066,4;S
521380;1740,4;S
210350;0,0;S
293050;274,6;S
521740;1571,6;S
316870;1462,8;S
290980;723,2;S
250110;1222,2;S
431100;2077,8;S
292600;0,0;S
330120;898,6;S
231290;818,2;S
521830;652,8;S
292840;136,8;S
431720;1430,4;S
150680;0,0;S
312770;967,2;S
510795;1630,2;S
120035;0,0;S
353470;1043,0;S
420940;1248,8;S
421030;412,6;S
420250;3218,4;S
280030;1431,4;S
230410;628,0;S
355410;1045,6;S
431410;2397,6;S
310560;1850,4;S
210050;1217,6;S
521020;660,6;S
410690;1284,6;S
354260;1045,2;S
230190;0,0;S
171270;1284,8;S
290270;350,8;S
220250;426,6;S
120025;1496,2;S
310510;797,6;S
220770;1129,2;S
410580;1393,2;S
130353;0,0;S
352100;1085,8;S
431780;2320,0;S
330555;1078,2;S
521640;0,0;S
320010;1370,6;S
211400;1898,8;S
432080;2256,4;S
170210;1679,4;S
354890;630,2;S
211240;2532,0;S
291810;697,8;S
430350;1701,4;S
431830;1981,2;S
330560;972,0;S
330380;1739,2;S
317070;722,2;S
261450;332,8;S
210140;585,8;S
280070;1298,8;S
290930;391,0;S
320490;1371,2;S
314790;1237,0;S
432250;2175,0;S
350540;1438,0;S
290860;1255,4;S
432220;2239,0;S
317020;1547,0;S
510790;906,0;S
290320;1124,8;S
290390;504,2;S
520890;1093,8;S
320030;1626,0;S
270430;1793,6;S
432040;2702,4;S
230020;1102,8;S
170700;178,8;S
210530;578,2;S
320335;1033,8;S
420930;1982,2;S
260570;590,8;S
290690;1515,2;S
421450;1441,6;S
510279;760,6;S
430466;1911,8;S
500060;940,6;S
150613;1936,8;S
330010;1204,0;S
500270;780,6;S
130290;646,2;S
421500;1428,6;S
150445;1774,2;S
350550;390,2;S
220800;0,0;S
510685;0,0;S
130430;1966,0;S
171875;1392,0;S
220230;351,2;S
150510;2119,2;S
250700;771,6;S
431980;1736,8;S
316470;346,8;S
350530;1114,2;S
150620;2283,4;S
313630;1143,2;S
330440;1278,6;S
352480;1210,2;S
510624;259,8;S
353870;840,2;S
350610;490,8;S
420480;1884,8;S
313420;478,4;S
210232;1573,4;S
291470;252,4;S
500460;1171,4;S
171890;1414,8;S
411980;1903,0;S
310110;1207,2;S
110001;1528,8;N
110003;1528,8;N
110005;1528,8;N
110006;1528,8;N
110007;1528,8;N
110008;1528,8;N
110009;1528,8;N
110010;1528,8;N
110011;1528,8;N
110012;1528,8;N
110013;1528,8;N
110014;1528,8;N
110015;1528,8;N
110018;1528,8;N
110025;1528,8;N
110026;1528,8;N
110028;1528,8;N
110029;1528,8;N
110032;1528,8;N
110033;1528,8;N
110034;1528,8;N
110037;1528,8;N
110040;1528,8;N
110045;1528,8;N
110050;1528,8;N
110060;1528,8;N
110070;1528,8;N
110080;1528,8;N
110090;1528,8;N
110092;1528,8;N
110094;1528,8;N
110100;1528,8;N
110110;1528,8;N
110120;1528,8;N
110130;1528,8;N
110140;1528,8;N
110143;1528,8;N
110145;1528,8;N
110146;1528,8;N
110147;1528,8;N
110148;1528,8;N
110149;1528,8;N
110150;1528,8;N
110155;1528,8;N
110160;1528,8;N
110170;1528,8;N
110175;1528,8;N
110180;1528,8;N
120001;1000,6;N
120005;1000,6;N
120010;1000,6;N
120013;1000,6;N
120017;1000,6;N
120032;1000,6;N
120033;1000,6;N
120034;1000,6;N
120038;1000,6;N
120042;1000,6;N
120043;1000,6;N
120045;1000,6;N
120050;1000,6;N
120060;1000,6;N
120070;1000,6;N
120080;1000,6;N
130002;1363,8;N
130006;1363,8;N
130008;1363,8;N
130010;1363,8;N
130020;1363,8;N
130050;1363,8;N
130060;1363,8;N
130063;1363,8;N
130068;1363,8;N
130080;1363,8;N
130083;1363,8;N
130090;1363,8;N
130100;1363,8;N
130110;1363,8;N
130115;1363,8;N
130130;1363,8;N
130150;1363,8;N
130160;1363,8;N
130165;1363,8;N
130180;1363,8;N
130185;1363,8;N
130195;1363,8;N
130200;1363,8;N
130210;1363,8;N
130220;1363,8;N
130230;1363,8;N
130255;1363,8;N
130280;1363,8;N
130300;1363,8;N
130310;1363,8;N
130320;1363,8;N
130350;1363,8;N
130356;1363,8;N
130360;1363,8;N
130370;1363,8;N
130380;1363,8;N
130390;1363,8;N
130395;1363,8;N
130400;1363,8;N
130406;1363,8;N
130410;1363,8;N
130420;1363,8;N
130423;1363,8;N
130426;1363,8;N
130440;1363,8;N
140002;935,6;N
140005;935,6;N
140015;935,6;N
140017;935,6;N
140020;935,6;N
140023;935,6;N
140028;935,6;N
140030;935,6;N
140040;935,6;N
140045;935,6;N
140047;935,6;N
140050;935,6;N
140060;935,6;N
140070;935,6;N
150010;1272,7;N
150013;1272,7;N
150020;1272,7;N
150030;1272,7;N
150034;1272,7;N
150040;1272,7;N
150050;1272,7;N
150070;1272,7;N
150080;1272,7;N
150085;1272,7;N
150090;1272,7;N
150095;1272,7;N
150100;1272,7;N
150110;1272,7;N
150120;1272,7;N
150125;1272,7;N
150130;1272,7;N
150145;1272,7;N
150150;1272,7;N
150157;1272,7;N
150160;1272,7;N
150172;1272,7;N
150175;1272,7;N
150178;1272,7;N
150190;1272,7;N
150195;1272,7;N
150200;1272,7;N
150215;1272,7;N
150220;1272,7;N
150250;1272,7;N
150260;1272,7;N
150275;1272,7;N
150276;1272,7;N
150277;1272,7;N
150280;1272,7;N
150285;1272,7;N
150290;1272,7;N
150295;1272,7;N
150300;1272,7;N
150304;1272,7;N
150307;1272,7;N
150309;1272,7;N
150310;1272,7;N
150320;1272,7;N
150330;1272,7;N
150340;1272,7;N
150345;1272,7;N
150350;1272,7;N
150370;1272,7;N
150375;1272,7;N
150380;1272,7;N
150390;1272,7;N
150400;1272,7;N
150405;1272,7;N
150410;1272,7;N
150430;1272,7;N
150440;1272,7;N
150442;1272,7;N
150450;1272,7;N
150460;1272,7;N
150470;1272,7;N
150475;1272,7;N
150490;1272,7;N
150495;1272,7;N
150497;1272,7;N
150500;1272,7;N
150503;1272,7;N
150520;1272,7;N
150530;1272,7;N
150540;1272,7;N
150543;1272,7;N
150549;1272,7;N
150553;1272,7;N
150555;1272,7;N
150560;1272,7;N
150563;1272,7;N
150570;1272,7;N
150580;1272,7;N
150600;1272,7;N
150610;1272,7;N
150611;1272,7;N
150616;1272,7;N
150619;1272,7;N
150630;1272,7;N
150635;1272,7;N
150640;1272,7;N
150650;1272,7;N
150655;1272,7;N
150660;1272,7;N
150690;1272,7;N
150700;1272,7;N
150710;1272,7;N
150715;1272,7;N
150720;1272,7;N
150740;1272,7;N
150745;1272,7;N
150746;1272,7;N
150747;1272,7;N
150750;1272,7;N
150760;1272,7;N
150770;1272,7;N
150775;1272,7;N
150780;1272,7;N
150795;1272,7;N
150796;1272,7;N
150797;1272,7;N
150800;1272,7;N
150803;1272,7;N
150805;1272,7;N
150812;1272,7;N
150815;1272,7;N
150820;1272,7;N
150830;1272,7;N
150835;1272,7;N
160005;2393,1;N
160010;2393,1;N
160015;2393,1;N
160020;2393,1;N
160021;2393,1;N
160023;2393,1;N
160027;2393,1;N
160040;2393,1;N
160055;2393,1;N
160060;2393,1;N
160070;2393,1;N
160080;2393,1;N
170025;1128,9;N
170030;1128,9;N
170035;1128,9;N
170070;1128,9;N
170100;1128,9;N
170105;1128,9;N
170110;1128,9;N
170130;1128,9;N
170190;1128,9;N
170215;1128,9;N
170230;1128,9;N
170240;1128,9;N
170255;1128,9;N
170270;1128,9;N
170290;1128,9;N
170300;1128,9;N
170305;1128,9;N
170307;1128,9;N
170310;1128,9;N
170320;1128,9;N
170330;1128,9;N
170360;1128,9;N
170370;1128,9;N
170380;1128,9;N
170382;1128,9;N
170386;1128,9;N
170388;1128,9;N
170389;1128,9;N
170390;1128,9;N
170410;1128,9;N
170460;1128,9;N
170510;1128,9;N
170555;1128,9;N
170560;1128,9;N
170600;1128,9;N
170610;1128,9;N
170625;1128,9;N
170650;1128,9;N
170710;1128,9;N
170720;1128,9;N
170730;1128,9;N
170740;1128,9;N
170755;1128,9;N
170765;1128,9;N
170770;1128,9;N
170825;1128,9;N
170830;1128,9;N
170900;1128,9;N
170930;1128,9;N
170980;1128,9;N
171050;1128,9;N
171070;1128,9;N
171090;1128,9;N
171110;1128,9;N
171150;1128,9;N
171180;1128,9;N
171195;1128,9;N
171200;1128,9;N
171215;1128,9;N
171240;1128,9;N
171245;1128,9;N
171250;1128,9;N
171280;1128,9;N
171320;1128,9;N
171330;1128,9;N
171360;1128,9;N
171370;1128,9;N
171380;1128,9;N
171395;1128,9;N
171420;1128,9;N
171430;1128,9;N
171488;1128,9;N
171500;1128,9;N
171510;1128,9;N
171515;1128,9;N
171525;1128,9;N
171550;1128,9;N
171570;1128,9;N
171575;1128,9;N
171610;1128,9;N
171630;1128,9;N
171665;1128,9;N
171670;1128,9;N
171700;1128,9;N
171720;1128,9;N
171780;1128,9;N
171790;1128,9;N
171800;1128,9;N
171820;1128,9;N
171830;1128,9;N
171840;1128,9;N
171845;1128,9;N
171850;1128,9;N
171855;1128,9;N
171865;1128,9;N
171870;1128,9;N
171880;1128,9;N
171884;1128,9;N
171888;1128,9;N
171889;1128,9;N
171900;1128,9;N
172000;1128,9;N
172010;1128,9;N
172015;1128,9;N
172020;1128,9;N
172025;1128,9;N
172030;1128,9;N
172049;1128,9;N
172065;1128,9;N
172080;1128,9;N
172085;1128,9;N
172090;1128,9;N
172093;1128,9;N
172097;1128,9;N
172110;1128,9;N
172120;1128,9;N
172125;1128,9;N
172130;1128,9;N
172208;1128,9;N
172210;1128,9;N
210005;1072,5;N
210010;1072,5;N
210015;1072,5;N
210020;1072,5;N
210030;1072,5;N
210040;1072,5;N
210043;1072,5;N
210047;1072,5;N
210055;1072,5;N
210060;1072,5;N
210070;1072,5;N
210080;1072,5;N
210083;1072,5;N
210087;1072,5;N
210090;1072,5;N
210095;1072,5;N
210100;1072,5;N
210110;1072,5;N
210125;1072,5;N
210130;1072,5;N
210135;1072,5;N
210150;1072,5;N
210170;1072,5;N
210173;1072,5;N
210177;1072,5;N
210180;1072,5;N
210190;1072,5;N
210193;1072,5;N
210197;1072,5;N
210200;1072,5;N
210203;1072,5;N
210207;1072,5;N
210210;1072,5;N
210215;1072,5;N
210220;1072,5;N
210230;1072,5;N
210235;1072,5;N
210237;1072,5;N
210240;1072,5;N
210250;1072,5;N
210255;1072,5;N
210260;1072,5;N
210270;1072,5;N
210275;1072,5;N
210290;1072,5;N
210310;1072,5;N
210312;1072,5;N
210315;1072,5;N
210317;1072,5;N
210325;1072,5;N
210330;1072,5;N
210340;1072,5;N
210355;1072,5;N
210360;1072,5;N
210370;1072,5;N
210375;1072,5;N
210380;1072,5;N
210390;1072,5;N
210400;1072,5;N
210407;1072,5;N
210408;1072,5;N
210409;1072,5;N
210410;1072,5;N
210420;1072,5;N
210430;1072,5;N
210440;1072,5;N
210450;1072,5;N
210455;1072,5;N
210460;1072,5;N
210462;1072,5;N
210465;1072,5;N
210467;1072,5;N
210470;1072,5;N
210490;1072,5;N
210500;1072,5;N
210510;1072,5;N
210515;1072,5;N
210520;1072,5;N
210535;1072,5;N
210540;1072,5;N
210542;1072,5;N
210545;1072,5;N
210547;1072,5;N
210550;1072,5;N
210560;1072,5;N
210565;1072,5;N
210570;1072,5;N
210580;1072,5;N
210590;1072,5;N
210592;1072,5;N
210594;1072,5;N
210596;1072,5;N
210598;1072,5;N
210600;1072,5;N
210610;1072,5;N
210620;1072,5;N
210630;1072,5;N
210632;1072,5;N
210635;1072,5;N
210637;1072,5;N
210640;1072,5;N
210650;1072,5;N
210660;1072,5;N
210663;1072,5;N
210667;1072,5;N
210670;1072,5;N
210675;1072,5;N
210680;1072,5;N
210690;1072,5;N
210700;1072,5;N
210710;1072,5;N
210720;1072,5;N
210725;1072,5;N
210730;1072,5;N
210735;1072,5;N
210740;1072,5;N
210745;1072,5;N
210750;1072,5;N
210760;1072,5;N
210770;1072,5;N
210780;1072,5;N
210790;1072,5;N
210800;1072,5;N
210805;1072,5;N
210810;1072,5;N
210820;1072,5;N
210825;1072,5;N
210830;1072,5;N
210840;1072,5;N
210845;1072,5;N
210850;1072,5;N
210860;1072,5;N
210870;1072,5;N
210880;1072,5;N
210890;1072,5;N
210900;1072,5;N
210905;1072,5;N
210910;1072,5;N
210920;1072,5;N
210923;1072,5;N
210927;1072,5;N
210930;1072,5;N
210940;1072,5;N
210945;1072,5;N
210950;1072,5;N
210955;1072,5;N
210960;1072,5;N
210970;1072,5;N
210975;1072,5;N
210980;1072,5;N
210990;1072,5;N
211000;1072,5;N
211003;1072,5;N
211010;1072,5;N
211020;1072,5;N
211023;1072,5;N
211027;1072,5;N
211030;1072,5;N
211040;1072,5;N
211050;1072,5;N
211060;1072,5;N
211065;1072,5;N
211070;1072,5;N
211080;1072,5;N
211085;1072,5;N
211090;1072,5;N
211100;1072,5;N
211102;1072,5;N
211105;1072,5;N
211107;1072,5;N
211110;1072,5;N
211120;1072,5;N
211125;1072,5;N
211140;1072,5;N
211150;1072,5;N
211153;1072,5;N
211157;1072,5;N
211160;1072,5;N
211163;1072,5;N
211167;1072,5;N
211170;1072,5;N
211172;1072,5;N
211174;1072,5;N
211176;1072,5;N
211178;1072,5;N
211180;1072,5;N
211190;1072,5;N
211195;1072,5;N
211200;1072,5;N
211210;1072,5;N
211220;1072,5;N
211223;1072,5;N
211227;1072,5;N
211230;1072,5;N
211245;1072,5;N
211250;1072,5;N
211260;1072,5;N
211270;1072,5;N
211280;1072,5;N
211285;1072,5;N
211290;1072,5;N
211300;1072,5;N
220005;756,1;N
220010;756,1;N
220020;756,1;N
220025;756,1;N
220027;756,1;N
220030;756,1;N
220040;756,1;N
220050;756,1;N
220070;756,1;N
220080;756,1;N
220090;756,1;N
220095;756,1;N
220100;756,1;N
220105;756,1;N
220110;756,1;N
220117;756,1;N
220120;756,1;N
220130;756,1;N
220140;756,1;N
220150;756,1;N
220155;756,1;N
220157;756,1;N
220160;756,1;N
220170;756,1;N
220173;756,1;N
220177;756,1;N
220180;756,1;N
220190;756,1;N
220191;756,1;N
220192;756,1;N
220194;756,1;N
220196;756,1;N
220198;756,1;N
220200;756,1;N
220202;756,1;N
220205;756,1;N
220207;756,1;N
220208;756,1;N
220209;756,1;N
220210;756,1;N
220211;756,1;N
220213;756,1;N
220217;756,1;N
220225;756,1;N
220240;756,1;N
220245;756,1;N
220253;756,1;N
220255;756,1;N
220265;756,1;N
220270;756,1;N
220271;756,1;N
220272;756,1;N
220273;756,1;N
220275;756,1;N
220277;756,1;N
220280;756,1;N
220285;756,1;N
220300;756,1;N
220310;756,1;N
220320;756,1;N
220323;756,1;N
220325;756,1;N
220327;756,1;N
220330;756,1;N
220335;756,1;N
220340;756,1;N
220342;756,1;N
220345;756,1;N
220350;756,1;N
220360;756,1;N
220370;756,1;N
220375;756,1;N
220380;756,1;N
220385;756,1;N
220400;756,1;N
220410;756,1;N
220415;756,1;N
220420;756,1;N
220430;756,1;N
220435;756,1;N
220450;756,1;N
220455;756,1;N
220460;756,1;N
220465;756,1;N
220470;756,1;N
220480;756,1;N
220490;756,1;N
220500;756,1;N
220510;756,1;N
220515;756,1;N
220520;756,1;N
220525;756,1;N
220527;756,1;N
220530;756,1;N
220535;756,1;N
220540;756,1;N
220545;756,1;N
220550;756,1;N
220551;756,1;N
220552;756,1;N
220553;756,1;N
220554;756,1;N
220555;756,1;N
220556;756,1;N
220557;756,1;N
220558;756,1;N
220559;756,1;N
220560;756,1;N
220570;756,1;N
220580;756,1;N
220585;756,1;N
220590;756,1;N
220595;756,1;N
220600;756,1;N
220605;756,1;N
220610;756,1;N
220620;756,1;N
220630;756,1;N
220635;756,1;N
220640;756,1;N
220650;756,1;N
220660;756,1;N
220665;756,1;N
220667;756,1;N
220669;756,1;N
220670;756,1;N
220672;756,1;N
220675;756,1;N
220680;756,1;N
220690;756,1;N
220695;756,1;N
220710;756,1;N
220720;756,1;N
220730;756,1;N
220735;756,1;N
220740;756,1;N
220750;756,1;N
220755;756,1;N
220760;756,1;N
220775;756,1;N
220777;756,1;N
220779;756,1;N
220785;756,1;N
220790;756,1;N
220793;756,1;N
220795;756,1;N
220810;756,1;N
220820;756,1;N
220830;756,1;N
220850;756,1;N
220855;756,1;N
220860;756,1;N
220865;756,1;N
220870;756,1;N
220880;756,1;N
220885;756,1;N
220887;756,1;N
220890;756,1;N
220900;756,1;N
220910;756,1;N
220915;756,1;N
220920;756,1;N
220930;756,1;N
220935;756,1;N
220937;756,1;N
220940;756,1;N
220945;756,1;N
220950;756,1;N
220955;756,1;N
220960;756,1;N
220965;756,1;N
220970;756,1;N
220975;756,1;N
220980;756,1;N
220985;756,1;N
220987;756,1;N
220990;756,1;N
220995;756,1;N
220997;756,1;N
221005;756,1;N
221010;756,1;N
221020;756,1;N
221030;756,1;N
221035;756,1;N
221037;756,1;N
221038;756,1;N
221039;756,1;N
221040;756,1;N
221050;756,1;N
221062;756,1;N
221063;756,1;N
221065;756,1;N
221070;756,1;N
221080;756,1;N
221090;756,1;N
221093;756,1;N
221095;756,1;N
221097;756,1;N
221110;756,1;N
221135;756,1;N
221140;756,1;N
221150;756,1;N
221160;756,1;N
221170;756,1;N
230010;501,8;N
230015;501,8;N
230030;501,8;N
230040;501,8;N
230050;501,8;N
230060;501,8;N
230070;501,8;N
230075;501,8;N
230080;501,8;N
230090;501,8;N
230100;501,8;N
230110;501,8;N
230120;501,8;N
230125;501,8;N
230130;501,8;N
230140;501,8;N
230150;501,8;N
230160;501,8;N
230170;501,8;N
230180;501,8;N
230185;501,8;N
230195;501,8;N
230200;501,8;N
230205;501,8;N
230210;501,8;N
230220;501,8;N
230230;501,8;N
230240;501,8;N
230250;501,8;N
230260;501,8;N
230280;501,8;N
230290;501,8;N
230300;501,8;N
230310;501,8;N
230320;501,8;N
230330;501,8;N
230340;501,8;N
230350;501,8;N
230360;501,8;N
230365;501,8;N
230370;501,8;N
230380;501,8;N
230390;501,8;N
230393;501,8;N
230395;501,8;N
230400;501,8;N
230420;501,8;N
230423;501,8;N
230425;501,8;N
230426;501,8;N
230427;501,8;N
230428;501,8;N
230430;501,8;N
230435;501,8;N
230445;501,8;N
230450;501,8;N
230460;501,8;N
230465;501,8;N
230470;501,8;N
230480;501,8;N
230490;501,8;N
230495;501,8;N
230500;501,8;N
230520;501,8;N
230523;501,8;N
230526;501,8;N
230530;501,8;N
230533;501,8;N
230535;501,8;N
230540;501,8;N
230560;501,8;N
230565;501,8;N
230570;501,8;N
230580;501,8;N
230590;501,8;N
230600;501,8;N
230610;501,8;N
230620;501,8;N
230625;501,8;N
230630;501,8;N
230650;501,8;N
230655;501,8;N
230660;501,8;N
230670;501,8;N
230680;501,8;N
230710;501,8;N
230720;501,8;N
230725;501,8;N
230730;501,8;N
230740;501,8;N
230750;501,8;N
230760;501,8;N
230763;501,8;N
230765;501,8;N
230770;501,8;N
230780;501,8;N
230790;501,8;N
230800;501,8;N
230810;501,8;N
230820;501,8;N
230830;501,8;N
230835;501,8;N
230837;501,8;N
230840;501,8;N
230850;501,8;N
230860;501,8;N
230880;501,8;N
230890;501,8;N
230900;501,8;N
230910;501,8;N
230920;501,8;N
230930;501,8;N
230940;501,8;N
230945;501,8;N
230950;501,8;N
230960;501,8;N
230970;501,8;N
230980;501,8;N
230990;501,8;N
231000;501,8;N
231010;501,8;N
231020;501,8;N
231025;501,8;N
231030;501,8;N
231040;501,8;N
231050;501,8;N
231060;501,8;N
231070;501,8;N
231080;501,8;N
231085;501,8;N
231090;501,8;N
231095;501,8;N
231100;501,8;N
231110;501,8;N
231120;501,8;N
231123;501,8;N
231126;501,8;N
231135;501,8;N
231150;501,8;N
231160;501,8;N
231170;501,8;N
231180;501,8;N
231190;501,8;N
231195;501,8;N
231200;501,8;N
231210;501,8;N
231220;501,8;N
231230;501,8;N
231240;501,8;N
231250;501,8;N
231260;501,8;N
231270;501,8;N
231280;501,8;N
231300;501,8;N
231310;501,8;N
231320;501,8;N
231325;501,8;N
231335;501,8;N
231350;501,8;N
231355;501,8;N
231360;501,8;N
231370;501,8;N
231375;501,8;N
231380;501,8;N
231390;501,8;N
231395;501,8;N
231400;501,8;N
231410;501,8;N
240010;297,9;N
240020;297,9;N
240030;297,9;N
240040;297,9;N
240050;297,9;N
240060;297,9;N
240070;297,9;N
240080;297,9;N
240090;297,9;N
240110;297,9;N
240120;297,9;N
240130;297,9;N
240140;297,9;N
240145;297,9;N
240150;297,9;N
240160;297,9;N
240165;297,9;N
240170;297,9;N
240180;297,9;N
240185;297,9;N
240190;297,9;N
240210;297,9;N
240220;297,9;N
240230;297,9;N
240240;297,9;N
240250;297,9;N
240260;297,9;N
240270;297,9;N
240280;297,9;N
240290;297,9;N
240300;297,9;N
240310;297,9;N
240320;297,9;N
240325;297,9;N
240330;297,9;N
240340;297,9;N
240350;297,9;N
240360;297,9;N
240370;297,9;N
240375;297,9;N
240380;297,9;N
240390;297,9;N
240400;297,9;N
240410;297,9;N
240420;297,9;N
240430;297,9;N
240440;297,9;N
240450;297,9;N
240460;297,9;N
240480;297,9;N
240485;297,9;N
240490;297,9;N
240500;297,9;N
240510;297,9;N
240520;297,9;N
240530;297,9;N
240540;297,9;N
240550;297,9;N
240560;297,9;N
240570;297,9;N
240580;297,9;N
240590;297,9;N
240600;297,9;N
240610;297,9;N
240615;297,9;N
240620;297,9;N
240630;297,9;N
240640;297,9;N
240650;297,9;N
240660;297,9;N
240670;297,9;N
240680;297,9;N
240690;297,9;N
240700;297,9;N
240710;297,9;N
240725;297,9;N
240730;297,9;N
240740;297,9;N
240750;297,9;N
240760;297,9;N
240770;297,9;N
240780;297,9;N
240790;297,9;N
240820;297,9;N
240830;297,9;N
240840;297,9;N
240850;297,9;N
240860;297,9;N
240870;297,9;N
240880;297,9;N
240890;297,9;N
240895;297,9;N
240910;297,9;N
240920;297,9;N
240930;297,9;N
240933;297,9;N
240940;297,9;N
240950;297,9;N
240960;297,9;N
240970;297,9;N
240980;297,9;N
240990;297,9;N
241000;297,9;N
241010;297,9;N
241020;297,9;N
241025;297,9;N
241030;297,9;N
241040;297,9;N
241050;297,9;N
241060;297,9;N
241070;297,9;N
241080;297,9;N
241090;297,9;N
241100;297,9;N
241105;297,9;N
241110;297,9;N
241140;297,9;N
241142;297,9;N
241150;297,9;N
241160;297,9;N
241170;297,9;N
241180;297,9;N
241190;297,9;N
241200;297,9;N
241210;297,9;N
241220;297,9;N
241230;297,9;N
241240;297,9;N
241250;297,9;N
241255;297,9;N
241260;297,9;N
241270;297,9;N
241280;297,9;N
241290;297,9;N
241300;297,9;N
241310;297,9;N
241320;297,9;N
241330;297,9;N
241335;297,9;N
241340;297,9;N
241350;297,9;N
241355;297,9;N
241360;297,9;N
241370;297,9;N
241380;297,9;N
241390;297,9;N
241400;297,9;N
241410;297,9;N
241415;297,9;N
241420;297,9;N
241430;297,9;N
241440;297,9;N
241445;297,9;N
241450;297,9;N
241460;297,9;N
241470;297,9;N
241475;297,9;N
241480;297,9;N
241490;297,9;N
241500;297,9;N
250010;746,5;N
250020;746,5;N
250030;746,5;N
250040;746,5;N
250050;746,5;N
250053;746,5;N
250057;746,5;N
250060;746,5;N
250070;746,5;N
250073;746,5;N
250077;746,5;N
250080;746,5;N
250090;746,5;N
250100;746,5;N
250115;746,5;N
250120;746,5;N
250130;746,5;N
250135;746,5;N
250140;746,5;N
250150;746,5;N
250153;746,5;N
250157;746,5;N
250160;746,5;N
250170;746,5;N
250180;746,5;N
250190;746,5;N
250200;746,5;N
250205;746,5;N
250210;746,5;N
250215;746,5;N
250220;746,5;N
250230;746,5;N
250240;746,5;N
250250;746,5;N
250260;746,5;N
250270;746,5;N
250280;746,5;N
250290;746,5;N
250300;746,5;N
250320;746,5;N
250330;746,5;N
250340;746,5;N
250350;746,5;N
250355;746,5;N
250360;746,5;N
250370;746,5;N
250375;746,5;N
250380;746,5;N
250390;746,5;N
250403;746,5;N
250407;746,5;N
250410;746,5;N
250415;746,5;N
250420;746,5;N
250430;746,5;N
250435;746,5;N
250440;746,5;N
250450;746,5;N
250460;746,5;N
250470;746,5;N
250480;746,5;N
250485;746,5;N
250490;746,5;N
250500;746,5;N
250510;746,5;N
250520;746,5;N
250523;746,5;N
250527;746,5;N
250530;746,5;N
250535;746,5;N
250540;746,5;N
250550;746,5;N
250560;746,5;N
250570;746,5;N
250580;746,5;N
250590;746,5;N
250600;746,5;N
250610;746,5;N
250620;746,5;N
250625;746,5;N
250630;746,5;N
250640;746,5;N
250650;746,5;N
250660;746,5;N
250670;746,5;N
250680;746,5;N
250690;746,5;N
250710;746,5;N
250720;746,5;N
250730;746,5;N
250740;746,5;N
250760;746,5;N
250770;746,5;N
250780;746,5;N
250790;746,5;N
250800;746,5;N
250810;746,5;N
250820;746,5;N
250830;746,5;N
250840;746,5;N
250850;746,5;N
250855;746,5;N
250860;746,5;N
250870;746,5;N
250880;746,5;N
250890;746,5;N
250900;746,5;N
250905;746,5;N
250910;746,5;N
250915;746,5;N
250920;746,5;N
250930;746,5;N
250933;746,5;N
250937;746,5;N
250939;746,5;N
250940;746,5;N
250950;746,5;N
250960;746,5;N
250980;746,5;N
250990;746,5;N
251000;746,5;N
251010;746,5;N
251020;746,5;N
251030;746,5;N
251040;746,5;N
251050;746,5;N
251060;746,5;N
251065;746,5;N
251070;746,5;N
251090;746,5;N
251100;746,5;N
251110;746,5;N
251120;746,5;N
251130;746,5;N
251140;746,5;N
251150;746,5;N
251160;746,5;N
251170;746,5;N
251180;746,5;N
251190;746,5;N
251200;746,5;N
251203;746,5;N
251207;746,5;N
251210;746,5;N
251220;746,5;N
251230;746,5;N
251240;746,5;N
251250;746,5;N
251260;746,5;N
251270;746,5;N
251272;746,5;N
251274;746,5;N
251275;746,5;N
251276;746,5;N
251278;746,5;N
251280;746,5;N
251290;746,5;N
251300;746,5;N
251310;746,5;N
251315;746,5;N
251320;746,5;N
251330;746,5;N
251335;746,5;N
251340;746,5;N
251350;746,5;N
251360;746,5;N
251365;746,5;N
251370;746,5;N
251380;746,5;N
251385;746,5;N
251390;746,5;N
251392;746,5;N
251394;746,5;N
251396;746,5;N
251398;746,5;N
251400;746,5;N
251410;746,5;N
251420;746,5;N
251430;746,5;N
251440;746,5;N
251445;746,5;N
251450;746,5;N
251455;746,5;N
251460;746,5;N
251465;746,5;N
251470;746,5;N
251480;746,5;N
251490;746,5;N
251500;746,5;N
251510;746,5;N
251520;746,5;N
251530;746,5;N
251540;746,5;N
251550;746,5;N
251560;746,5;N
251570;746,5;N
251580;746,5;N
251590;746,5;N
251593;746,5;N
251597;746,5;N
251600;746,5;N
251610;746,5;N
251615;746,5;N
251620;746,5;N
251630;746,5;N
251640;746,5;N
251650;746,5;N
251660;746,5;N
251670;746,5;N
251675;746,5;N
251680;746,5;N
251690;746,5;N
251700;746,5;N
251710;746,5;N
251720;746,5;N
251740;746,5;N
260005;389,5;N
260010;389,5;N
260020;389,5;N
260030;389,5;N
260040;389,5;N
260050;389,5;N
260060;389,5;N
260070;389,5;N
260080;389,5;N
260090;389,5;N
260100;389,5;N
260105;389,5;N
260110;389,5;N
260120;389,5;N
260130;389,5;N
260140;389,5;N
260150;389,5;N
260160;389,5;N
260170;389,5;N
260180;389,5;N
260190;389,5;N
260200;389,5;N
260210;389,5;N
260220;389,5;N
260230;389,5;N
260240;389,5;N
260250;389,5;N
260260;389,5;N
260270;389,5;N
260280;389,5;N
260290;389,5;N
260310;389,5;N
260320;389,5;N
260330;389,5;N
260340;389,5;N
260345;389,5;N
260350;389,5;N
260360;389,5;N
260370;389,5;N
260380;389,5;N
260390;389,5;N
260392;389,5;N
260400;389,5;N
260415;389,5;N
260420;389,5;N
260430;389,5;N
260440;389,5;N
260450;389,5;N
260460;389,5;N
260470;389,5;N
260480;389,5;N
260490;389,5;N
260500;389,5;N
260510;389,5;N
260515;389,5;N
260520;389,5;N
260530;389,5;N
260540;389,5;N
260545;389,5;N
260550;389,5;N
260560;389,5;N
260580;389,5;N
260590;389,5;N
260610;389,5;N
260620;389,5;N
260630;389,5;N
260640;389,5;N
260650;389,5;N
260670;389,5;N
260680;389,5;N
260690;389,5;N
260700;389,5;N
260710;389,5;N
260720;389,5;N
260730;389,5;N
260740;389,5;N
260750;389,5;N
260760;389,5;N
260765;389,5;N
260770;389,5;N
260775;389,5;N
260780;389,5;N
260790;389,5;N
260795;389,5;N
260800;389,5;N
260805;389,5;N
260810;389,5;N
260820;389,5;N
260825;389,5;N
260830;389,5;N
260840;389,5;N
260845;389,5;N
260850;389,5;N
260860;389,5;N
260870;389,5;N
260875;389,5;N
260880;389,5;N
260890;389,5;N
260900;389,5;N
260910;389,5;N
260915;389,5;N
260920;389,5;N
260930;389,5;N
260940;389,5;N
260950;389,5;N
260960;389,5;N
260970;389,5;N
260980;389,5;N
261010;389,5;N
261020;389,5;N
261030;389,5;N
261040;389,5;N
261050;389,5;N
261060;389,5;N
261070;389,5;N
261080;389,5;N
261090;389,5;N
261100;389,5;N
261120;389,5;N
261130;389,5;N
261140;389,5;N
261150;389,5;N
261153;389,5;N
261160;389,5;N
261170;389,5;N
261180;389,5;N
261190;389,5;N
261200;389,5;N
261210;389,5;N
261230;389,5;N
261240;389,5;N
261245;389,5;N
261247;389,5;N
261250;389,5;N
261255;389,5;N
261260;389,5;N
261270;389,5;N
261280;389,5;N
261290;389,5;N
261300;389,5;N
261310;389,5;N
261320;389,5;N
261330;389,5;N
261340;389,5;N
261350;389,5;N
261360;389,5;N
261370;389,5;N
261380;389,5;N
261400;389,5;N
261410;389,5;N
261420;389,5;N
261430;389,5;N
261440;389,5;N
261460;389,5;N
261470;389,5;N
261480;389,5;N
261485;389,5;N
261500;389,5;N
261510;389,5;N
261520;389,5;N
261530;389,5;N
261540;389,5;N
261550;389,5;N
261560;389,5;N
261570;389,5;N
261580;389,5;N
261590;389,5;N
261600;389,5;N
261610;389,5;N
261618;389,5;N
261620;389,5;N
261630;389,5;N
261640;389,5;N
261650;389,5;N
270010;484,5;N
270020;484,5;N
270040;484,5;N
270050;484,5;N
270060;484,5;N
270070;484,5;N
270080;484,5;N
270090;484,5;N
270100;484,5;N
270110;484,5;N
270120;484,5;N
270130;484,5;N
270135;484,5;N
270140;484,5;N
270150;484,5;N
270160;484,5;N
270170;484,5;N
270180;484,5;N
270190;484,5;N
270200;484,5;N
270210;484,5;N
270220;484,5;N
270235;484,5;N
270240;484,5;N
270250;484,5;N
270255;484,5;N
270260;484,5;N
270270;484,5;N
270280;484,5;N
270290;484,5;N
270300;484,5;N
270310;484,5;N
270320;484,5;N
270330;484,5;N
270340;484,5;N
270350;484,5;N
270360;484,5;N
270370;484,5;N
270375;484,5;N
270380;484,5;N
270390;484,5;N
270400;484,5;N
270410;484,5;N
270420;484,5;N
270440;484,5;N
270450;484,5;N
270460;484,5;N
270470;484,5;N
270480;484,5;N
270490;484,5;N
270500;484,5;N
270510;484,5;N
270520;484,5;N
270530;484,5;N
270540;484,5;N
270550;484,5;N
270560;484,5;N
270570;484,5;N
270580;484,5;N
270590;484,5;N
270600;484,5;N
270610;484,5;N
270620;484,5;N
270642;484,5;N
270644;484,5;N
270650;484,5;N
270660;484,5;N
270670;484,5;N
270680;484,5;N
270690;484,5;N
270700;484,5;N
270720;484,5;N
270730;484,5;N
270740;484,5;N
270750;484,5;N
270760;484,5;N
270770;484,5;N
270780;484,5;N
270790;484,5;N
270800;484,5;N
270810;484,5;N
270820;484,5;N
270830;484,5;N
270840;484,5;N
270860;484,5;N
270870;484,5;N
270880;484,5;N
270890;484,5;N
270895;484,5;N
270900;484,5;N
270910;484,5;N
270915;484,5;N
270920;484,5;N
270930;484,5;N
270940;484,5;N
280010;614,7;N
280020;614,7;N
280040;614,7;N
280050;614,7;N
280060;614,7;N
280067;614,7;N
280100;614,7;N
280110;614,7;N
280120;614,7;N
280130;614,7;N
280140;614,7;N
280150;614,7;N
280160;614,7;N
280170;614,7;N
280190;614,7;N
280200;614,7;N
280210;614,7;N
280220;614,7;N
280230;614,7;N
280240;614,7;N
280250;614,7;N
280260;614,7;N
280270;614,7;N
280280;614,7;N
280310;614,7;N
280320;614,7;N
280330;614,7;N
280340;614,7;N
280350;614,7;N
280360;614,7;N
280370;614,7;N
280380;614,7;N
280390;614,7;N
280400;614,7;N
280410;614,7;N
280420;614,7;N
280430;614,7;N
280440;614,7;N
280445;614,7;N
280460;614,7;N
280470;614,7;N
280480;614,7;N
280490;614,7;N
280500;614,7;N
280510;614,7;N
280520;614,7;N
280530;614,7;N
280540;614,7;N
280560;614,7;N
280570;614,7;N
280580;614,7;N
280590;614,7;N
280600;614,7;N
280610;614,7;N
280620;614,7;N
280630;614,7;N
280640;614,7;N
280650;614,7;N
280660;614,7;N
280670;614,7;N
280680;614,7;N
280690;614,7;N
280700;614,7;N
280710;614,7;N
280720;614,7;N
280730;614,7;N
280740;614,7;N
280750;614,7;N
280760;614,7;N
290010;673,5;N
290020;673,5;N
290030;673,5;N
290035;673,5;N
290040;673,5;N
290050;673,5;N
290060;673,5;N
290070;673,5;N
290080;673,5;N
290090;673,5;N
290110;673,5;N
290115;673,5;N
290120;673,5;N
290130;673,5;N
290135;673,5;N
290140;673,5;N
290150;673,5;N
290160;673,5;N
290170;673,5;N
290180;673,5;N
290190;673,5;N
290195;673,5;N
290200;673,5;N
290205;673,5;N
290210;673,5;N
290220;673,5;N
290225;673,5;N
290230;673,5;N
290240;673,5;N
290250;673,5;N
290260;673,5;N
290265;673,5;N
290280;673,5;N
290290;673,5;N
290300;673,5;N
290310;673,5;N
290323;673,5;N
290327;673,5;N
290330;673,5;N
290350;673,5;N
290360;673,5;N
290370;673,5;N
290380;673,5;N
290395;673,5;N
290400;673,5;N
290405;673,5;N
290410;673,5;N
290420;673,5;N
290430;673,5;N
290440;673,5;N
290450;673,5;N
290470;673,5;N
290480;673,5;N
290485;673,5;N
290490;673,5;N
290500;673,5;N
290510;673,5;N
290515;673,5;N
290520;673,5;N
290530;673,5;N
290540;673,5;N
290550;673,5;N
290560;673,5;N
290570;673,5;N
290580;673,5;N
290590;673,5;N
290600;673,5;N
290610;673,5;N
290620;673,5;N
290630;673,5;N
290640;673,5;N
290650;673,5;N
290660;673,5;N
290670;673,5;N
290680;673,5;N
290682;673,5;N
290685;673,5;N
290687;673,5;N
290689;673,5;N
290700;673,5;N
290710;673,5;N
290720;673,5;N
290730;673,5;N
290740;673,5;N
290750;673,5;N
290755;673,5;N
290760;673,5;N
290770;673,5;N
290780;673,5;N
290790;673,5;N
290800;673,5;N
290810;673,5;N
290820;673,5;N
290830;673,5;N
290840;673,5;N
290850;673,5;N
290870;673,5;N
290880;673,5;N
290890;673,5;N
290900;673,5;N
290910;673,5;N
290920;673,5;N
290940;673,5;N
290950;673,5;N
290960;673,5;N
290970;673,5;N
291000;673,5;N
291005;673,5;N
291010;673,5;N
291020;673,5;N
291030;673,5;N
291040;673,5;N
291050;673,5;N
291060;673,5;N
291072;673,5;N
291075;673,5;N
291077;673,5;N
291085;673,5;N
291090;673,5;N
291100;673,5;N
291120;673,5;N
291125;673,5;N
291130;673,5;N
291140;673,5;N
291150;673,5;N
291160;673,5;N
291165;673,5;N
291180;673,5;N
291185;673,5;N
291190;673,5;N
291200;673,5;N
291210;673,5;N
291220;673,5;N
291230;673,5;N
291240;673,5;N
291250;673,5;N
291260;673,5;N
291270;673,5;N
291280;673,5;N
291290;673,5;N
291300;673,5;N
291310;673,5;N
291330;673,5;N
291340;673,5;N
291345;673,5;N
291350;673,5;N
291370;673,5;N
291380;673,5;N
291400;673,5;N
291410;673,5;N
291420;673,5;N
291430;673,5;N
291440;673,5;N
291450;673,5;N
291465;673,5;N
291480;673,5;N
291490;673,5;N
291500;673,5;N
291510;673,5;N
291520;673,5;N
291530;673,5;N
291535;673,5;N
291540;673,5;N
291550;673,5;N
291570;673,5;N
291580;673,5;N
291590;673,5;N
291600;673,5;N
291610;673,5;N
291620;673,5;N
291630;673,5;N
291650;673,5;N
291660;673,5;N
291670;673,5;N
291680;673,5;N
291685;673,5;N
291700;673,5;N
291710;673,5;N
291720;673,5;N
291730;673,5;N
291733;673,5;N
291735;673,5;N
291740;673,5;N
291760;673,5;N
291770;673,5;N
291780;673,5;N
291790;673,5;N
291800;673,5;N
291820;673,5;N
291830;673,5;N
291835;673,5;N
291840;673,5;N
291845;673,5;N
291850;673,5;N
291855;673,5;N
291860;673,5;N
291870;673,5;N
291875;673,5;N
291880;673,5;N
291890;673,5;N
291900;673,5;N
291905;673,5;N
291910;673,5;N
291915;673,5;N
291920;673,5;N
291940;673,5;N
291950;673,5;N
291955;673,5;N
291970;673,5;N
291980;673,5;N
291990;673,5;N
291992;673,5;N
291995;673,5;N
292000;673,5;N
292010;673,5;N
292020;673,5;N
292030;673,5;N
292040;673,5;N
292045;673,5;N
292050;673,5;N
292060;673,5;N
292080;673,5;N
292090;673,5;N
292100;673,5;N
292105;673,5;N
292110;673,5;N
292120;673,5;N
292130;673,5;N
292140;673,5;N
292145;673,5;N
292150;673,5;N
292160;673,5;N
292170;673,5;N
292180;673,5;N
292190;673,5;N
292200;673,5;N
292205;673,5;N
292210;673,5;N
292220;673,5;N
292225;673,5;N
292230;673,5;N
292240;673,5;N
292250;673,5;N
292260;673,5;N
292265;673,5;N
292270;673,5;N
292273;673,5;N
292275;673,5;N
292280;673,5;N
292285;673,5;N
292290;673,5;N
292300;673,5;N
292303;673,5;N
292305;673,5;N
292310;673,5;N
292320;673,5;N
292330;673,5;N
292335;673,5;N
292340;673,5;N
292350;673,5;N
292360;673,5;N
292370;673,5;N
292380;673,5;N
292390;673,5;N
292400;673,5;N
292405;673,5;N
292410;673,5;N
292420;673,5;N
292440;673,5;N
292450;673,5;N
292460;673,5;N
292465;673,5;N
292467;673,5;N
292470;673,5;N
292480;673,5;N
292490;673,5;N
292500;673,5;N
292510;673,5;N
292520;673,5;N
292525;673,5;N
292540;673,5;N
292550;673,5;N
292560;673,5;N
292570;673,5;N
292575;673,5;N
292590;673,5;N
292593;673,5;N
292595;673,5;N
292610;673,5;N
292620;673,5;N
292630;673,5;N
292640;673,5;N
292660;673,5;N
292665;673,5;N
292670;673,5;N
292680;673,5;N
292690;673,5;N
292700;673,5;N
292710;673,5;N
292720;673,5;N
292730;673,5;N
292750;673,5;N
292760;673,5;N
292770;673,5;N
292780;673,5;N
292790;673,5;N
292800;673,5;N
292805;673,5;N
292810;673,5;N
292820;673,5;N
292830;673,5;N
292850;673,5;N
292860;673,5;N
292870;673,5;N
292880;673,5;N
292890;673,5;N
292895;673,5;N
292900;673,5;N
292905;673,5;N
292910;673,5;N
292920;673,5;N
292925;673,5;N
292930;673,5;N
292935;673,5;N
292937;673,5;N
292940;673,5;N
292950;673,5;N
292960;673,5;N
292970;673,5;N
292975;673,5;N
292980;673,5;N
292990;673,5;N
293000;673,5;N
293015;673,5;N
293020;673,5;N
293030;673,5;N
293040;673,5;N
293060;673,5;N
293070;673,5;N
293075;673,5;N
293076;673,5;N
293077;673,5;N
293080;673,5;N
293090;673,5;N
293100;673,5;N
293105;673,5;N
293110;673,5;N
293120;673,5;N
293130;673,5;N
293135;673,5;N
293140;673,5;N
293150;673,5;N
293160;673,5;N
293170;673,5;N
293180;673,5;N
293190;673,5;N
293200;673,5;N
293210;673,5;N
293220;673,5;N
293230;673,5;N
293240;673,5;N
293245;673,5;N
293250;673,5;N
293260;673,5;N
293270;673,5;N
293280;673,5;N
293300;673,5;N
293305;673,5;N
293310;673,5;N
293315;673,5;N
293317;673,5;N
293320;673,5;N
293325;673,5;N
293340;673,5;N
293345;673,5;N
293350;673,5;N
293360;673,5;N
310010;1146,5;N
310020;1146,5;N
310030;1146,5;N
310040;1146,5;N
310050;1146,5;N
310060;1146,5;N
310070;1146,5;N
310080;1146,5;N
310090;1146,5;N
310120;1146,5;N
310130;1146,5;N
310140;1146,5;N
310150;1146,5;N
310160;1146,5;N
310163;1146,5;N
310180;1146,5;N
310190;1146,5;N
310200;1146,5;N
310205;1146,5;N
310210;1146,5;N
310220;1146,5;N
310230;1146,5;N
310240;1146,5;N
310250;1146,5;N
310260;1146,5;N
310270;1146,5;N
310280;1146,5;N
310285;1146,5;N
310290;1146,5;N
310300;1146,5;N
310310;1146,5;N
310320;1146,5;N
310330;1146,5;N
310350;1146,5;N
310360;1146,5;N
310370;1146,5;N
310375;1146,5;N
310380;1146,5;N
310390;1146,5;N
310410;1146,5;N
310420;1146,5;N
310430;1146,5;N
310440;1146,5;N
310445;1146,5;N
310450;1146,5;N
310460;1146,5;N
310470;1146,5;N
310480;1146,5;N
310490;1146,5;N
310500;1146,5;N
310520;1146,5;N
310530;1146,5;N
310540;1146,5;N
310550;1146,5;N
310570;1146,5;N
310590;1146,5;N
310600;1146,5;N
310610;1146,5;N
310630;1146,5;N
310640;1146,5;N
310650;1146,5;N
310660;1146,5;N
310665;1146,5;N
310670;1146,5;N
310680;1146,5;N
310690;1146,5;N
310700;1146,5;N
310710;1146,5;N
310720;1146,5;N
310730;1146,5;N
310740;1146,5;N
310750;1146,5;N
310760;1146,5;N
310770;1146,5;N
310780;1146,5;N
310790;1146,5;N
310800;1146,5;N
310810;1146,5;N
310820;1146,5;N
310825;1146,5;N
310830;1146,5;N
310840;1146,5;N
310850;1146,5;N
310855;1146,5;N
310860;1146,5;N
310870;1146,5;N
310880;1146,5;N
310890;1146,5;N
310900;1146,5;N
310910;1146,5;N
310920;1146,5;N
310925;1146,5;N
310940;1146,5;N
310945;1146,5;N
310950;1146,5;N
310960;1146,5;N
310970;1146,5;N
310980;1146,5;N
310990;1146,5;N
311000;1146,5;N
311010;1146,5;N
311020;1146,5;N
311040;1146,5;N
311050;1146,5;N
311060;1146,5;N
311070;1146,5;N
311080;1146,5;N
311090;1146,5;N
311100;1146,5;N
311115;1146,5;N
311120;1146,5;N
311130;1146,5;N
311140;1146,5;N
311150;1146,5;N
311160;1146,5;N
311170;1146,5;N
311180;1146,5;N
311190;1146,5;N
311200;1146,5;N
311205;1146,5;N
311210;1146,5;N
311220;1146,5;N
311240;1146,5;N
311250;1146,5;N
311260;1146,5;N
311265;1146,5;N
311270;1146,5;N
311280;1146,5;N
311290;1146,5;N
311300;1146,5;N
311310;1146,5;N
311320;1146,5;N
311330;1146,5;N
311350;1146,5;N
311360;1146,5;N
311370;1146,5;N
311380;1146,5;N
311390;1146,5;N
311400;1146,5;N
311410;1146,5;N
311420;1146,5;N
311430;1146,5;N
311440;1146,5;N
311450;1146,5;N
311455;1146,5;N
311460;1146,5;N
311470;1146,5;N
311480;1146,5;N
311490;1146,5;N
311500;1146,5;N
311510;1146,5;N
311520;1146,5;N
311530;1146,5;N
311535;1146,5;N
311540;1146,5;N
311545;1146,5;N
311547;1146,5;N
311550;1146,5;N
311560;1146,5;N
311570;1146,5;N
311580;1146,5;N
311590;1146,5;N
311600;1146,5;N
311610;1146,5;N
311620;1146,5;N
311630;1146,5;N
311640;1146,5;N
311650;1146,5;N
311660;1146,5;N
311670;1146,5;N
311680;1146,5;N
311690;1146,5;N
311700;1146,5;N
311710;1146,5;N
311720;1146,5;N
311740;1146,5;N
311750;1146,5;N
311760;1146,5;N
311770;1146,5;N
311780;1146,5;N
311783;1146,5;N
311787;1146,5;N
311790;1146,5;N
311800;1146,5;N
311810;1146,5;N
311820;1146,5;N
311830;1146,5;N
311840;1146,5;N
311850;1146,5;N
311860;1146,5;N
311870;1146,5;N
311880;1146,5;N
311890;1146,5;N
311900;1146,5;N
311910;1146,5;N
311920;1146,5;N
311930;1146,5;N
311940;1146,5;N
311950;1146,5;N
311970;1146,5;N
311980;1146,5;N
311990;1146,5;N
311995;1146,5;N
312000;1146,5;N
312010;1146,5;N
312015;1146,5;N
312020;1146,5;N
312030;1146,5;N
312040;1146,5;N
312050;1146,5;N
312060;1146,5;N
312070;1146,5;N
312080;1146,5;N
312083;1146,5;N
312087;1146,5;N
312100;1146,5;N
312110;1146,5;N
312120;1146,5;N
312125;1146,5;N
312130;1146,5;N
312140;1146,5;N
312150;1146,5;N
312170;1146,5;N
312180;1146,5;N
312190;1146,5;N
312200;1146,5;N
312210;1146,5;N
312220;1146,5;N
312235;1146,5;N
312240;1146,5;N
312245;1146,5;N
312247;1146,5;N
312250;1146,5;N
312260;1146,5;N
312270;1146,5;N
312280;1146,5;N
312290;1146,5;N
312300;1146,5;N
312310;1146,5;N
312330;1146,5;N
312340;1146,5;N
312350;1146,5;N
312352;1146,5;N
312360;1146,5;N
312370;1146,5;N
312380;1146,5;N
312385;1146,5;N
312390;1146,5;N
312400;1146,5;N
312410;1146,5;N
312420;1146,5;N
312440;1146,5;N
312450;1146,5;N
312460;1146,5;N
312470;1146,5;N
312480;1146,5;N
312490;1146,5;N
312500;1146,5;N
312510;1146,5;N
312520;1146,5;N
312530;1146,5;N
312540;1146,5;N
312550;1146,5;N
312560;1146,5;N
312570;1146,5;N
312580;1146,5;N
312590;1146,5;N
312595;1146,5;N
312620;1146,5;N
312630;1146,5;N
312640;1146,5;N
312650;1146,5;N
312660;1146,5;N
312670;1146,5;N
312675;1146,5;N
312680;1146,5;N
312690;1146,5;N
312695;1146,5;N
312700;1146,5;N
312705;1146,5;N
312707;1146,5;N
312710;1146,5;N
312720;1146,5;N
312730;1146,5;N
312733;1146,5;N
312735;1146,5;N
312737;1146,5;N
312738;1146,5;N
312740;1146,5;N
312750;1146,5;N
312760;1146,5;N
312780;1146,5;N
312790;1146,5;N
312810;1146,5;N
312820;1146,5;N
312825;1146,5;N
312830;1146,5;N
312840;1146,5;N
312850;1146,5;N
312860;1146,5;N
312870;1146,5;N
312880;1146,5;N
312890;1146,5;N
312900;1146,5;N
312910;1146,5;N
312920;1146,5;N
312930;1146,5;N
312940;1146,5;N
312950;1146,5;N
312960;1146,5;N
312965;1146,5;N
312970;1146,5;N
312990;1146,5;N
313000;1146,5;N
313005;1146,5;N
313010;1146,5;N
313020;1146,5;N
313030;1146,5;N
313040;1146,5;N
313050;1146,5;N
313055;1146,5;N
313060;1146,5;N
313065;1146,5;N
313070;1146,5;N
313080;1146,5;N
313090;1146,5;N
313100;1146,5;N
313110;1146,5;N
313115;1146,5;N
313120;1146,5;N
313130;1146,5;N
313140;1146,5;N
313150;1146,5;N
313160;1146,5;N
313170;1146,5;N
313180;1146,5;N
313190;1146,5;N
313200;1146,5;N
313210;1146,5;N
313220;1146,5;N
313230;1146,5;N
313240;1146,5;N
313250;1146,5;N
313260;1146,5;N
313270;1146,5;N
313280;1146,5;N
313290;1146,5;N
313300;1146,5;N
313310;1146,5;N
313320;1146,5;N
313340;1146,5;N
313350;1146,5;N
313360;1146,5;N
313370;1146,5;N
313375;1146,5;N
313380;1146,5;N
313390;1146,5;N
313400;1146,5;N
313410;1146,5;N
313430;1146,5;N
313440;1146,5;N
313450;1146,5;N
313460;1146,5;N
313470;1146,5;N
313480;1146,5;N
313490;1146,5;N
313500;1146,5;N
313505;1146,5;N
313507;1146,5;N
313510;1146,5;N
313530;1146,5;N
313535;1146,5;N
313540;1146,5;N
313545;1146,5;N
313550;1146,5;N
313560;1146,5;N
313570;1146,5;N
313580;1146,5;N
313590;1146,5;N
313600;1146,5;N
313610;1146,5;N
313620;1146,5;N
313640;1146,5;N
313650;1146,5;N
313652;1146,5;N
313655;1146,5;N
313657;1146,5;N
313660;1146,5;N
313665;1146,5;N
313680;1146,5;N
313690;1146,5;N
313695;1146,5;N
313700;1146,5;N
313710;1146,5;N
313720;1146,5;N
313730;1146,5;N
313740;1146,5;N
313750;1146,5;N
313753;1146,5;N
313760;1146,5;N
313770;1146,5;N
313780;1146,5;N
313790;1146,5;N
313800;1146,5;N
313810;1146,5;N
313820;1146,5;N
313830;1146,5;N
313835;1146,5;N
313840;1146,5;N
313850;1146,5;N
313860;1146,5;N
313862;1146,5;N
313865;1146,5;N
313867;1146,5;N
313868;1146,5;N
313870;1146,5;N
313880;1146,5;N
313890;1146,5;N
313910;1146,5;N
313920;1146,5;N
313925;1146,5;N
313930;1146,5;N
313950;1146,5;N
313970;1146,5;N
313980;1146,5;N
314000;1146,5;N
314010;1146,5;N
314015;1146,5;N
314020;1146,5;N
314030;1146,5;N
314040;1146,5;N
314050;1146,5;N
314053;1146,5;N
314055;1146,5;N
314060;1146,5;N
314070;1146,5;N
314080;1146,5;N
314085;1146,5;N
314090;1146,5;N
314100;1146,5;N
314110;1146,5;N
314120;1146,5;N
314130;1146,5;N
314140;1146,5;N
314150;1146,5;N
314160;1146,5;N
314170;1146,5;N
314180;1146,5;N
314190;1146,5;N
314200;1146,5;N
314210;1146,5;N
314220;1146,5;N
314225;1146,5;N
314230;1146,5;N
314240;1146,5;N
314250;1146,5;N
314260;1146,5;N
314280;1146,5;N
314290;1146,5;N
314300;1146,5;N
314310;1146,5;N
314315;1146,5;N
314320;1146,5;N
314340;1146,5;N
314345;1146,5;N
314350;1146,5;N
314360;1146,5;N
314370;1146,5;N
314380;1146,5;N
314400;1146,5;N
314410;1146,5;N
314420;1146,5;N
314430;1146,5;N
314435;1146,5;N
314437;1146,5;N
314440;1146,5;N
314450;1146,5;N
314460;1146,5;N
314465;1146,5;N
314467;1146,5;N
314470;1146,5;N
314480;1146,5;N
314490;1146,5;N
314500;1146,5;N
314510;1146,5;N
314520;1146,5;N
314530;1146,5;N
314535;1146,5;N
314537;1146,5;N
314540;1146,5;N
314545;1146,5;N
314550;1146,5;N
314570;1146,5;N
314580;1146,5;N
314585;1146,5;N
314587;1146,5;N
314600;1146,5;N
314610;1146,5;N
314620;1146,5;N
314625;1146,5;N
314630;1146,5;N
314640;1146,5;N
314650;1146,5;N
314655;1146,5;N
314660;1146,5;N
314670;1146,5;N
314675;1146,5;N
314690;1146,5;N
314710;1146,5;N
314720;1146,5;N
314730;1146,5;N
314740;1146,5;N
314750;1146,5;N
314770;1146,5;N
314780;1146,5;N
314795;1146,5;N
314820;1146,5;N
314830;1146,5;N
314840;1146,5;N
314850;1146,5;N
314860;1146,5;N
314870;1146,5;N
314875;1146,5;N
314880;1146,5;N
314890;1146,5;N
314900;1146,5;N
314910;1146,5;N
314915;1146,5;N
314920;1146,5;N
314930;1146,5;N
314940;1146,5;N
314950;1146,5;N
314960;1146,5;N
314970;1146,5;N
314980;1146,5;N
314990;1146,5;N
314995;1146,5;N
315000;1146,5;N
315010;1146,5;N
315015;1146,5;N
315020;1146,5;N
315030;1146,5;N
315040;1146,5;N
315050;1146,5;N
315053;1146,5;N
315057;1146,5;N
315060;1146,5;N
315070;1146,5;N
315080;1146,5;N
315090;1146,5;N
315100;1146,5;N
315110;1146,5;N
315130;1146,5;N
315140;1146,5;N
315150;1146,5;N
315160;1146,5;N
315170;1146,5;N
315180;1146,5;N
315190;1146,5;N
315210;1146,5;N
315213;1146,5;N
315217;1146,5;N
315220;1146,5;N
315230;1146,5;N
315240;1146,5;N
315250;1146,5;N
315260;1146,5;N
315270;1146,5;N
315280;1146,5;N
315290;1146,5;N
315300;1146,5;N
315310;1146,5;N
315320;1146,5;N
315330;1146,5;N
315340;1146,5;N
315350;1146,5;N
315360;1146,5;N
315370;1146,5;N
315380;1146,5;N
315390;1146,5;N
315400;1146,5;N
315410;1146,5;N
315415;1146,5;N
315420;1146,5;N
315430;1146,5;N
315440;1146,5;N
315445;1146,5;N
315450;1146,5;N
315460;1146,5;N
315470;1146,5;N
315480;1146,5;N
315490;1146,5;N
315500;1146,5;N
315510;1146,5;N
315520;1146,5;N
315530;1146,5;N
315540;1146,5;N
315550;1146,5;N
315570;1146,5;N
315580;1146,5;N
315590;1146,5;N
315600;1146,5;N
315610;1146,5;N
315620;1146,5;N
315630;1146,5;N
315640;1146,5;N
315645;1146,5;N
315650;1146,5;N
315660;1146,5;N
315670;1146,5;N
315680;1146,5;N
315710;1146,5;N
315720;1146,5;N
315725;1146,5;N
315727;1146,5;N
315730;1146,5;N
315733;1146,5;N
315737;1146,5;N
315740;1146,5;N
315750;1146,5;N
315760;1146,5;N
315765;1146,5;N
315770;1146,5;N
315780;1146,5;N
315790;1146,5;N
315800;1146,5;N
315810;1146,5;N
315820;1146,5;N
315830;1146,5;N
315840;1146,5;N
315850;1146,5;N
315860;1146,5;N
315870;1146,5;N
315880;1146,5;N
315890;1146,5;N
315895;1146,5;N
315900;1146,5;N
315910;1146,5;N
315920;1146,5;N
315930;1146,5;N
315935;1146,5;N
315940;1146,5;N
315950;1146,5;N
315960;1146,5;N
315970;1146,5;N
315980;1146,5;N
315990;1146,5;N
316000;1146,5;N
316010;1146,5;N
316020;1146,5;N
316030;1146,5;N
316040;1146,5;N
316045;1146,5;N
316050;1146,5;N
316060;1146,5;N
316070;1146,5;N
316080;1146,5;N
316090;1146,5;N
316095;1146,5;N
316100;1146,5;N
316105;1146,5;N
316110;1146,5;N
316120;1146,5;N
316130;1146,5;N
316140;1146,5;N
316150;1146,5;N
316160;1146,5;N
316165;1146,5;N
316170;1146,5;N
316180;1146,5;N
316190;1146,5;N
316200;1146,5;N
316210;1146,5;N
316220;1146,5;N
316225;1146,5;N
316230;1146,5;N
316240;1146,5;N
316245;1146,5;N
316255;1146,5;N
316257;1146,5;N
316260;1146,5;N
316265;1146,5;N
316270;1146,5;N
316280;1146,5;N
316290;1146,5;N
316292;1146,5;N
316294;1146,5;N
316295;1146,5;N
316300;1146,5;N
316310;1146,5;N
316320;1146,5;N
316330;1146,5;N
316340;1146,5;N
316350;1146,5;N
316360;1146,5;N
316370;1146,5;N
316380;1146,5;N
316390;1146,5;N
316400;1146,5;N
316410;1146,5;N
316430;1146,5;N
316440;1146,5;N
316443;1146,5;N
316447;1146,5;N
316450;1146,5;N
316460;1146,5;N
316480;1146,5;N
316490;1146,5;N
316500;1146,5;N
316510;1146,5;N
316520;1146,5;N
316530;1146,5;N
316540;1146,5;N
316550;1146,5;N
316553;1146,5;N
316555;1146,5;N
316556;1146,5;N
316557;1146,5;N
316560;1146,5;N
316570;1146,5;N
316580;1146,5;N
316590;1146,5;N
316600;1146,5;N
316610;1146,5;N
316620;1146,5;N
316630;1146,5;N
316640;1146,5;N
316650;1146,5;N
316660;1146,5;N
316680;1146,5;N
316690;1146,5;N
316695;1146,5;N
316700;1146,5;N
316710;1146,5;N
316730;1146,5;N
316740;1146,5;N
316750;1146,5;N
316760;1146,5;N
316770;1146,5;N
316780;1146,5;N
316790;1146,5;N
316800;1146,5;N
316805;1146,5;N
316810;1146,5;N
316820;1146,5;N
316830;1146,5;N
316840;1146,5;N
316850;1146,5;N
316880;1146,5;N
316890;1146,5;N
316900;1146,5;N
316905;1146,5;N
316910;1146,5;N
316920;1146,5;N
316930;1146,5;N
316940;1146,5;N
316950;1146,5;N
316960;1146,5;N
316970;1146,5;N
316980;1146,5;N
316990;1146,5;N
317000;1146,5;N
317005;1146,5;N
317030;1146,5;N
317043;1146,5;N
317047;1146,5;N
317050;1146,5;N
317052;1146,5;N
317057;1146,5;N
317060;1146,5;N
317065;1146,5;N
317075;1146,5;N
317080;1146,5;N
317090;1146,5;N
317100;1146,5;N
317103;1146,5;N
317107;1146,5;N
317110;1146,5;N
317115;1146,5;N
317120;1146,5;N
317140;1146,5;N
317150;1146,5;N
317160;1146,5;N
317170;1146,5;N
317180;1146,5;N
317190;1146,5;N
317200;1146,5;N
317210;1146,5;N
317220;1146,5;N
320013;1261,8;N
320016;1261,8;N
320035;1261,8;N
320040;1261,8;N
320050;1261,8;N
320060;1261,8;N
320070;1261,8;N
320080;1261,8;N
320090;1261,8;N
320100;1261,8;N
320110;1261,8;N
320115;1261,8;N
320120;1261,8;N
320130;1261,8;N
320140;1261,8;N
320150;1261,8;N
320160;1261,8;N
320170;1261,8;N
320180;1261,8;N
320190;1261,8;N
320200;1261,8;N
320220;1261,8;N
320225;1261,8;N
320230;1261,8;N
320240;1261,8;N
320245;1261,8;N
320250;1261,8;N
320255;1261,8;N
320260;1261,8;N
320265;1261,8;N
320270;1261,8;N
320280;1261,8;N
320290;1261,8;N
320300;1261,8;N
320305;1261,8;N
320310;1261,8;N
320313;1261,8;N
320316;1261,8;N
320330;1261,8;N
320332;1261,8;N
320334;1261,8;N
320340;1261,8;N
320350;1261,8;N
320360;1261,8;N
320370;1261,8;N
320380;1261,8;N
320390;1261,8;N
320400;1261,8;N
320405;1261,8;N
320410;1261,8;N
320420;1261,8;N
320425;1261,8;N
320435;1261,8;N
320440;1261,8;N
320450;1261,8;N
320455;1261,8;N
320465;1261,8;N
320470;1261,8;N
320480;1261,8;N
320495;1261,8;N
320500;1261,8;N
320501;1261,8;N
320503;1261,8;N
320510;1261,8;N
320515;1261,8;N
320517;1261,8;N
330015;1201,5;N
330020;1201,5;N
330022;1201,5;N
330023;1201,5;N
330030;1201,5;N
330040;1201,5;N
330045;1201,5;N
330050;1201,5;N
330060;1201,5;N
330070;1201,5;N
330080;1201,5;N
330093;1201,5;N
330095;1201,5;N
330110;1201,5;N
330115;1201,5;N
330130;1201,5;N
330140;1201,5;N
330150;1201,5;N
330160;1201,5;N
330180;1201,5;N
330185;1201,5;N
330187;1201,5;N
330190;1201,5;N
330200;1201,5;N
330205;1201,5;N
330210;1201,5;N
330220;1201,5;N
330225;1201,5;N
330227;1201,5;N
330230;1201,5;N
330245;1201,5;N
330250;1201,5;N
330260;1201,5;N
330270;1201,5;N
330280;1201,5;N
330285;1201,5;N
330290;1201,5;N
330300;1201,5;N
330310;1201,5;N
330320;1201,5;N
330350;1201,5;N
330360;1201,5;N
330370;1201,5;N
330390;1201,5;N
330395;1201,5;N
330400;1201,5;N
330410;1201,5;N
330411;1201,5;N
330412;1201,5;N
330414;1201,5;N
330415;1201,5;N
330430;1201,5;N
330450;1201,5;N
330452;1201,5;N
330470;1201,5;N
330475;1201,5;N
330480;1201,5;N
330490;1201,5;N
330500;1201,5;N
330510;1201,5;N
330513;1201,5;N
330515;1201,5;N
330520;1201,5;N
330530;1201,5;N
330540;1201,5;N
330570;1201,5;N
330575;1201,5;N
330590;1201,5;N
330615;1201,5;N
330620;1201,5;N
330630;1201,5;N
350010;1003,1;N
350020;1003,1;N
350030;1003,1;N
350040;1003,1;N
350050;1003,1;N
350055;1003,1;N
350060;1003,1;N
350070;1003,1;N
350075;1003,1;N
350080;1003,1;N
350090;1003,1;N
350100;1003,1;N
350110;1003,1;N
350115;1003,1;N
350120;1003,1;N
350130;1003,1;N
350140;1003,1;N
350150;1003,1;N
350160;1003,1;N
350170;1003,1;N
350180;1003,1;N
350190;1003,1;N
350200;1003,1;N
350210;1003,1;N
350220;1003,1;N
350230;1003,1;N
350240;1003,1;N
350250;1003,1;N
350260;1003,1;N
350270;1003,1;N
350275;1003,1;N
350280;1003,1;N
350290;1003,1;N
350300;1003,1;N
350310;1003,1;N
350315;1003,1;N
350320;1003,1;N
350330;1003,1;N
350335;1003,1;N
350340;1003,1;N
350350;1003,1;N
350360;1003,1;N
350380;1003,1;N
350390;1003,1;N
350395;1003,1;N
350400;1003,1;N
350410;1003,1;N
350420;1003,1;N
350430;1003,1;N
350440;1003,1;N
350460;1003,1;N
350470;1003,1;N
350480;1003,1;N
350490;1003,1;N
350500;1003,1;N
350510;1003,1;N
350520;1003,1;N
350535;1003,1;N
350560;1003,1;N
350580;1003,1;N
350590;1003,1;N
350620;1003,1;N
350630;1003,1;N
350640;1003,1;N
350650;1003,1;N
350660;1003,1;N
350670;1003,1;N
350680;1003,1;N
350690;1003,1;N
350700;1003,1;N
350710;1003,1;N
350715;1003,1;N
350720;1003,1;N
350730;1003,1;N
350740;1003,1;N
350745;1003,1;N
350750;1003,1;N
350770;1003,1;N
350775;1003,1;N
350780;1003,1;N
350790;1003,1;N
350800;1003,1;N
350810;1003,1;N
350820;1003,1;N
350830;1003,1;N
350840;1003,1;N
350850;1003,1;N
350870;1003,1;N
350880;1003,1;N
350890;1003,1;N
350900;1003,1;N
350910;1003,1;N
350920;1003,1;N
350925;1003,1;N
350930;1003,1;N
350940;1003,1;N
350945;1003,1;N
350950;1003,1;N
350960;1003,1;N
350980;1003,1;N
350990;1003,1;N
350995;1003,1;N
351000;1003,1;N
351010;1003,1;N
351015;1003,1;N
351020;1003,1;N
351030;1003,1;N
351040;1003,1;N
351050;1003,1;N
351060;1003,1;N
351070;1003,1;N
351090;1003,1;N
351100;1003,1;N
351110;1003,1;N
351120;1003,1;N
351130;1003,1;N
351140;1003,1;N
351150;1003,1;N
351160;1003,1;N
351170;1003,1;N
351190;1003,1;N
351200;1003,1;N
351210;1003,1;N
351220;1003,1;N
351230;1003,1;N
351240;1003,1;N
351250;1003,1;N
351260;1003,1;N
351270;1003,1;N
351280;1003,1;N
351290;1003,1;N
351300;1003,1;N
351310;1003,1;N
351320;1003,1;N
351330;1003,1;N
351340;1003,1;N
351350;1003,1;N
351360;1003,1;N
351370;1003,1;N
351380;1003,1;N
351385;1003,1;N
351390;1003,1;N
351400;1003,1;N
351410;1003,1;N
351420;1003,1;N
351430;1003,1;N
351450;1003,1;N
351460;1003,1;N
351470;1003,1;N
351480;1003,1;N
351490;1003,1;N
351492;1003,1;N
351495;1003,1;N
351500;1003,1;N
351510;1003,1;N
351512;1003,1;N
351515;1003,1;N
351518;1003,1;N
351519;1003,1;N
351520;1003,1;N
351530;1003,1;N
351535;1003,1;N
351540;1003,1;N
351550;1003,1;N
351560;1003,1;N
351565;1003,1;N
351570;1003,1;N
351580;1003,1;N
351590;1003,1;N
351600;1003,1;N
351610;1003,1;N
351630;1003,1;N
351640;1003,1;N
351650;1003,1;N
351660;1003,1;N
351670;1003,1;N
351680;1003,1;N
351685;1003,1;N
351690;1003,1;N
351700;1003,1;N
351710;1003,1;N
351720;1003,1;N
351730;1003,1;N
351740;1003,1;N
351750;1003,1;N
351760;1003,1;N
351770;1003,1;N
351780;1003,1;N
351790;1003,1;N
351800;1003,1;N
351810;1003,1;N
351820;1003,1;N
351830;1003,1;N
351840;1003,1;N
351850;1003,1;N
351860;1003,1;N
351870;1003,1;N
351880;1003,1;N
351885;1003,1;N
351890;1003,1;N
351900;1003,1;N
351905;1003,1;N
351907;1003,1;N
351910;1003,1;N
351920;1003,1;N
351925;1003,1;N
351930;1003,1;N
351940;1003,1;N
351950;1003,1;N
351970;1003,1;N
351980;1003,1;N
351990;1003,1;N
352000;1003,1;N
352010;1003,1;N
352020;1003,1;N
352040;1003,1;N
352042;1003,1;N
352044;1003,1;N
352050;1003,1;N
352060;1003,1;N
352070;1003,1;N
352080;1003,1;N
352090;1003,1;N
352110;1003,1;N
352115;1003,1;N
352120;1003,1;N
352130;1003,1;N
352140;1003,1;N
352150;1003,1;N
352160;1003,1;N
352170;1003,1;N
352180;1003,1;N
352190;1003,1;N
352200;1003,1;N
352210;1003,1;N
352215;1003,1;N
352220;1003,1;N
352230;1003,1;N
352250;1003,1;N
352265;1003,1;N
352270;1003,1;N
352280;1003,1;N
352290;1003,1;N
352300;1003,1;N
352310;1003,1;N
352320;1003,1;N
352330;1003,1;N
352340;1003,1;N
352350;1003,1;N
352360;1003,1;N
352370;1003,1;N
352380;1003,1;N
352390;1003,1;N
352400;1003,1;N
352420;1003,1;N
352430;1003,1;N
352440;1003,1;N
352450;1003,1;N
352460;1003,1;N
352470;1003,1;N
352490;1003,1;N
352500;1003,1;N
352510;1003,1;N
352520;1003,1;N
352530;1003,1;N
352540;1003,1;N
352550;1003,1;N
352560;1003,1;N
352580;1003,1;N
352585;1003,1;N
352590;1003,1;N
352600;1003,1;N
352610;1003,1;N
352620;1003,1;N
352630;1003,1;N
352640;1003,1;N
352650;1003,1;N
352660;1003,1;N
352670;1003,1;N
352680;1003,1;N
352690;1003,1;N
352700;1003,1;N
352720;1003,1;N
352725;1003,1;N
352730;1003,1;N
352740;1003,1;N
352750;1003,1;N
352760;1003,1;N
352770;1003,1;N
352780;1003,1;N
352790;1003,1;N
352800;1003,1;N
352810;1003,1;N
352820;1003,1;N
352830;1003,1;N
352840;1003,1;N
352850;1003,1;N
352860;1003,1;N
352870;1003,1;N
352880;1003,1;N
352885;1003,1;N
352890;1003,1;N
352910;1003,1;N
352920;1003,1;N
352930;1003,1;N
352940;1003,1;N
352950;1003,1;N
352960;1003,1;N
352965;1003,1;N
352970;1003,1;N
352980;1003,1;N
352990;1003,1;N
353000;1003,1;N
353010;1003,1;N
353020;1003,1;N
353030;1003,1;N
353040;1003,1;N
353050;1003,1;N
353060;1003,1;N
353070;1003,1;N
353080;1003,1;N
353090;1003,1;N
353100;1003,1;N
353110;1003,1;N
353120;1003,1;N
353130;1003,1;N
353140;1003,1;N
353150;1003,1;N
353160;1003,1;N
353170;1003,1;N
353180;1003,1;N
353190;1003,1;N
353200;1003,1;N
353205;1003,1;N
353210;1003,1;N
353215;1003,1;N
353220;1003,1;N
353230;1003,1;N
353240;1003,1;N
353250;1003,1;N
353260;1003,1;N
353270;1003,1;N
353280;1003,1;N
353282;1003,1;N
353284;1003,1;N
353286;1003,1;N
353290;1003,1;N
353300;1003,1;N
353310;1003,1;N
353320;1003,1;N
353325;1003,1;N
353330;1003,1;N
353340;1003,1;N
353350;1003,1;N
353360;1003,1;N
353370;1003,1;N
353380;1003,1;N
353390;1003,1;N
353400;1003,1;N
353410;1003,1;N
353420;1003,1;N
353430;1003,1;N
353440;1003,1;N
353450;1003,1;N
353460;1003,1;N
353475;1003,1;N
353480;1003,1;N
353490;1003,1;N
353500;1003,1;N
353510;1003,1;N
353520;1003,1;N
353530;1003,1;N
353540;1003,1;N
353550;1003,1;N
353560;1003,1;N
353570;1003,1;N
353580;1003,1;N
353590;1003,1;N
353600;1003,1;N
353610;1003,1;N
353620;1003,1;N
353625;1003,1;N
353630;1003,1;N
353640;1003,1;N
353650;1003,1;N
353657;1003,1;N
353660;1003,1;N
353670;1003,1;N
353680;1003,1;N
353690;1003,1;N
353700;1003,1;N
353710;1003,1;N
353715;1003,1;N
353720;1003,1;N
353730;1003,1;N
353740;1003,1;N
353750;1003,1;N
353760;1003,1;N
353770;1003,1;N
353780;1003,1;N
353790;1003,1;N
353800;1003,1;N
353810;1003,1;N
353820;1003,1;N
353830;1003,1;N
353850;1003,1;N
353860;1003,1;N
353880;1003,1;N
353890;1003,1;N
353900;1003,1;N
353910;1003,1;N
353920;1003,1;N
353930;1003,1;N
353940;1003,1;N
353950;1003,1;N
353960;1003,1;N
353970;1003,1;N
353980;1003,1;N
353990;1003,1;N
354000;1003,1;N
354010;1003,1;N
354020;1003,1;N
354025;1003,1;N
354030;1003,1;N
354040;1003,1;N
354050;1003,1;N
354060;1003,1;N
354070;1003,1;N
354075;1003,1;N
354080;1003,1;N
354085;1003,1;N
354100;1003,1;N
354105;1003,1;N
354110;1003,1;N
354120;1003,1;N
354130;1003,1;N
354150;1003,1;N
354160;1003,1;N
354165;1003,1;N
354170;1003,1;N
354180;1003,1;N
354190;1003,1;N
354200;1003,1;N
354210;1003,1;N
354230;1003,1;N
354240;1003,1;N
354250;1003,1;N
354270;1003,1;N
354280;1003,1;N
354290;1003,1;N
354300;1003,1;N
354310;1003,1;N
354320;1003,1;N
354323;1003,1;N
354325;1003,1;N
354330;1003,1;N
354340;1003,1;N
354350;1003,1;N
354360;1003,1;N
354370;1003,1;N
354380;1003,1;N
354390;1003,1;N
354400;1003,1;N
354410;1003,1;N
354420;1003,1;N
354425;1003,1;N
354430;1003,1;N
354440;1003,1;N
354450;1003,1;N
354460;1003,1;N
354470;1003,1;N
354480;1003,1;N
354490;1003,1;N
354500;1003,1;N
354510;1003,1;N
354515;1003,1;N
354520;1003,1;N
354530;1003,1;N
354540;1003,1;N
354550;1003,1;N
354560;1003,1;N
354570;1003,1;N
354580;1003,1;N
354600;1003,1;N
354610;1003,1;N
354620;1003,1;N
354625;1003,1;N
354630;1003,1;N
354640;1003,1;N
354650;1003,1;N
354660;1003,1;N
354670;1003,1;N
354680;1003,1;N
354690;1003,1;N
354700;1003,1;N
354710;1003,1;N
354720;1003,1;N
354730;1003,1;N
354740;1003,1;N
354750;1003,1;N
354760;1003,1;N
354765;1003,1;N
354770;1003,1;N
354780;1003,1;N
354790;1003,1;N
354800;1003,1;N
354805;1003,1;N
354810;1003,1;N
354820;1003,1;N
354830;1003,1;N
354840;1003,1;N
354850;1003,1;N
354860;1003,1;N
354870;1003,1;N
354880;1003,1;N
354900;1003,1;N
354910;1003,1;N
354920;1003,1;N
354925;1003,1;N
354930;1003,1;N
354940;1003,1;N
354950;1003,1;N
354960;1003,1;N
354970;1003,1;N
354980;1003,1;N
354990;1003,1;N
354995;1003,1;N
355010;1003,1;N
355040;1003,1;N
355050;1003,1;N
355060;1003,1;N
355070;1003,1;N
355080;1003,1;N
355100;1003,1;N
355110;1003,1;N
355120;1003,1;N
355130;1003,1;N
355140;1003,1;N
355150;1003,1;N
355160;1003,1;N
355170;1003,1;N
355180;1003,1;N
355190;1003,1;N
355200;1003,1;N
355210;1003,1;N
355220;1003,1;N
355230;1003,1;N
355240;1003,1;N
355250;1003,1;N
355255;1003,1;N
355260;1003,1;N
355270;1003,1;N
355280;1003,1;N
355290;1003,1;N
355300;1003,1;N
355310;1003,1;N
355320;1003,1;N
355330;1003,1;N
355340;1003,1;N
355350;1003,1;N
355360;1003,1;N
355365;1003,1;N
355370;1003,1;N
355380;1003,1;N
355385;1003,1;N
355390;1003,1;N
355395;1003,1;N
355400;1003,1;N
355420;1003,1;N
355430;1003,1;N
355440;1003,1;N
355450;1003,1;N
355460;1003,1;N
355465;1003,1;N
355470;1003,1;N
355475;1003,1;N
355480;1003,1;N
355490;1003,1;N
355495;1003,1;N
355510;1003,1;N
355520;1003,1;N
355530;1003,1;N
355535;1003,1;N
355540;1003,1;N
355550;1003,1;N
355560;1003,1;N
355570;1003,1;N
355580;1003,1;N
355590;1003,1;N
355600;1003,1;N
355610;1003,1;N
355620;1003,1;N
355635;1003,1;N
355640;1003,1;N
355645;1003,1;N
355650;1003,1;N
355660;1003,1;N
355670;1003,1;N
355680;1003,1;N
355690;1003,1;N
355695;1003,1;N
355700;1003,1;N
355710;1003,1;N
355715;1003,1;N
355720;1003,1;N
355730;1003,1;N
410010;1198,5;N
410020;1198,5;N
410030;1198,5;N
410040;1198,5;N
410045;1198,5;N
410050;1198,5;N
410060;1198,5;N
410070;1198,5;N
410080;1198,5;N
410090;1198,5;N
410100;1198,5;N
410105;1198,5;N
410110;1198,5;N
410115;1198,5;N
410120;1198,5;N
410130;1198,5;N
410140;1198,5;N
410150;1198,5;N
410160;1198,5;N
410165;1198,5;N
410170;1198,5;N
410180;1198,5;N
410185;1198,5;N
410190;1198,5;N
410200;1198,5;N
410210;1198,5;N
410220;1198,5;N
410230;1198,5;N
410240;1198,5;N
410250;1198,5;N
410260;1198,5;N
410270;1198,5;N
410275;1198,5;N
410280;1198,5;N
410290;1198,5;N
410300;1198,5;N
410302;1198,5;N
410304;1198,5;N
410305;1198,5;N
410310;1198,5;N
410315;1198,5;N
410320;1198,5;N
410322;1198,5;N
410330;1198,5;N
410335;1198,5;N
410337;1198,5;N
410340;1198,5;N
410345;1198,5;N
410347;1198,5;N
410350;1198,5;N
410360;1198,5;N
410370;1198,5;N
410380;1198,5;N
410395;1198,5;N
410400;1198,5;N
410405;1198,5;N
410410;1198,5;N
410420;1198,5;N
410425;1198,5;N
410430;1198,5;N
410440;1198,5;N
410442;1198,5;N
410445;1198,5;N
410450;1198,5;N
410460;1198,5;N
410465;1198,5;N
410470;1198,5;N
410480;1198,5;N
410500;1198,5;N
410510;1198,5;N
410520;1198,5;N
410530;1198,5;N
410540;1198,5;N
410550;1198,5;N
410590;1198,5;N
410600;1198,5;N
410610;1198,5;N
410620;1198,5;N
410630;1198,5;N
410640;1198,5;N
410645;1198,5;N
410650;1198,5;N
410655;1198,5;N
410657;1198,5;N
410660;1198,5;N
410670;1198,5;N
410680;1198,5;N
410685;1198,5;N
410700;1198,5;N
410712;1198,5;N
410715;1198,5;N
410725;1198,5;N
410730;1198,5;N
410740;1198,5;N
410750;1198,5;N
410752;1198,5;N
410753;1198,5;N
410754;1198,5;N
410755;1198,5;N
410760;1198,5;N
410765;1198,5;N
410770;1198,5;N
410773;1198,5;N
410775;1198,5;N
410780;1198,5;N
410785;1198,5;N
410790;1198,5;N
410800;1198,5;N
410810;1198,5;N
410820;1198,5;N
410832;1198,5;N
410840;1198,5;N
410845;1198,5;N
410855;1198,5;N
410865;1198,5;N
410870;1198,5;N
410880;1198,5;N
410890;1198,5;N
410895;1198,5;N
410900;1198,5;N
410910;1198,5;N
410920;1198,5;N
410930;1198,5;N
410940;1198,5;N
410950;1198,5;N
410960;1198,5;N
410965;1198,5;N
410970;1198,5;N
410975;1198,5;N
410980;1198,5;N
411000;1198,5;N
411005;1198,5;N
411007;1198,5;N
411010;1198,5;N
411030;1198,5;N
411040;1198,5;N
411050;1198,5;N
411060;1198,5;N
411065;1198,5;N
411070;1198,5;N
411080;1198,5;N
411090;1198,5;N
411095;1198,5;N
411100;1198,5;N
411110;1198,5;N
411120;1198,5;N
411125;1198,5;N
411130;1198,5;N
411150;1198,5;N
411155;1198,5;N
411160;1198,5;N
411170;1198,5;N
411180;1198,5;N
411190;1198,5;N
411200;1198,5;N
411210;1198,5;N
411220;1198,5;N
411240;1198,5;N
411250;1198,5;N
411260;1198,5;N
411270;1198,5;N
411275;1198,5;N
411290;1198,5;N
411295;1198,5;N
411300;1198,5;N
411310;1198,5;N
411320;1198,5;N
411325;1198,5;N
411340;1198,5;N
411342;1198,5;N
411345;1198,5;N
411350;1198,5;N
411360;1198,5;N
411370;1198,5;N
411373;1198,5;N
411375;1198,5;N
411380;1198,5;N
411390;1198,5;N
411400;1198,5;N
411410;1198,5;N
411420;1198,5;N
411430;1198,5;N
411435;1198,5;N
411440;1198,5;N
411450;1198,5;N
411460;1198,5;N
411470;1198,5;N
411480;1198,5;N
411490;1198,5;N
411500;1198,5;N
411510;1198,5;N
411530;1198,5;N
411535;1198,5;N
411540;1198,5;N
411545;1198,5;N
411550;1198,5;N
411560;1198,5;N
411570;1198,5;N
411573;1198,5;N
411575;1198,5;N
411580;1198,5;N
411585;1198,5;N
411590;1198,5;N
411600;1198,5;N
411605;1198,5;N
411610;1198,5;N
411630;1198,5;N
411640;1198,5;N
411650;1198,5;N
411660;1198,5;N
411670;1198,5;N
411680;1198,5;N
411690;1198,5;N
411695;1198,5;N
411705;1198,5;N
411710;1198,5;N
411720;1198,5;N
411721;1198,5;N
411722;1198,5;N
411725;1198,5;N
411729;1198,5;N
411730;1198,5;N
411740;1198,5;N
411745;1198,5;N
411750;1198,5;N
411760;1198,5;N
411770;1198,5;N
411780;1198,5;N
411790;1198,5;N
411800;1198,5;N
411810;1198,5;N
411820;1198,5;N
411840;1198,5;N
411845;1198,5;N
411850;1198,5;N
411860;1198,5;N
411870;1198,5;N
411880;1198,5;N
411885;1198,5;N
411890;1198,5;N
411900;1198,5;N
411910;1198,5;N
411915;1198,5;N
411920;1198,5;N
411925;1198,5;N
411930;1198,5;N
411940;1198,5;N
411950;1198,5;N
411960;1198,5;N
411965;1198,5;N
411970;1198,5;N
411990;1198,5;N
411995;1198,5;N
412000;1198,5;N
412010;1198,5;N
412015;1198,5;N
412020;1198,5;N
412030;1198,5;N
412033;1198,5;N
412035;1198,5;N
412040;1198,5;N
412050;1198,5;N
412060;1198,5;N
412065;1198,5;N
412070;1198,5;N
412080;1198,5;N
412085;1198,5;N
412090;1198,5;N
412100;1198,5;N
412110;1198,5;N
412120;1198,5;N
412125;1198,5;N
412130;1198,5;N
412135;1198,5;N
412140;1198,5;N
412150;1198,5;N
412160;1198,5;N
412170;1198,5;N
412175;1198,5;N
412180;1198,5;N
412190;1198,5;N
412200;1198,5;N
412210;1198,5;N
412215;1198,5;N
412217;1198,5;N
412220;1198,5;N
412230;1198,5;N
412240;1198,5;N
412250;1198,5;N
412260;1198,5;N
412265;1198,5;N
412270;1198,5;N
412280;1198,5;N
412290;1198,5;N
412300;1198,5;N
412310;1198,5;N
412320;1198,5;N
412330;1198,5;N
412340;1198,5;N
412350;1198,5;N
412360;1198,5;N
412370;1198,5;N
412380;1198,5;N
412382;1198,5;N
412385;1198,5;N
412390;1198,5;N
412395;1198,5;N
412400;1198,5;N
412402;1198,5;N
412405;1198,5;N
412410;1198,5;N
412420;1198,5;N
412430;1198,5;N
412440;1198,5;N
412450;1198,5;N
412460;1198,5;N
412470;1198,5;N
412480;1198,5;N
412490;1198,5;N
412500;1198,5;N
412510;1198,5;N
412520;1198,5;N
412530;1198,5;N
412535;1198,5;N
412540;1198,5;N
412545;1198,5;N
412550;1198,5;N
412555;1198,5;N
412570;1198,5;N
412575;1198,5;N
412580;1198,5;N
412590;1198,5;N
412600;1198,5;N
412610;1198,5;N
412620;1198,5;N
412625;1198,5;N
412627;1198,5;N
412630;1198,5;N
412635;1198,5;N
412640;1198,5;N
412650;1198,5;N
412660;1198,5;N
412665;1198,5;N
412667;1198,5;N
412670;1198,5;N
412680;1198,5;N
412690;1198,5;N
412700;1198,5;N
412710;1198,5;N
412720;1198,5;N
412730;1198,5;N
412740;1198,5;N
412750;1198,5;N
412760;1198,5;N
412770;1198,5;N
412780;1198,5;N
412785;1198,5;N
412788;1198,5;N
412790;1198,5;N
412795;1198,5;N
412796;1198,5;N
412800;1198,5;N
412810;1198,5;N
412820;1198,5;N
412830;1198,5;N
412840;1198,5;N
412850;1198,5;N
412855;1198,5;N
412860;1198,5;N
412862;1198,5;N
412863;1198,5;N
412865;1198,5;N
412870;1198,5;N
412880;1198,5;N
420005;1761,1;N
420010;1761,1;N
420020;1761,1;N
420030;1761,1;N
420040;1761,1;N
420050;1761,1;N
420055;1761,1;N
420060;1761,1;N
420070;1761,1;N
420075;1761,1;N
420080;1761,1;N
420090;1761,1;N
420100;1761,1;N
420110;1761,1;N
420120;1761,1;N
420125;1761,1;N
420127;1761,1;N
420130;1761,1;N
420150;1761,1;N
420160;1761,1;N
420165;1761,1;N
420170;1761,1;N
420180;1761,1;N
420190;1761,1;N
420195;1761,1;N
420200;1761,1;N
420205;1761,1;N
420207;1761,1;N
420208;1761,1;N
420209;1761,1;N
420210;1761,1;N
420213;1761,1;N
420215;1761,1;N
420220;1761,1;N
420230;1761,1;N
420240;1761,1;N
420243;1761,1;N
420245;1761,1;N
420253;1761,1;N
420257;1761,1;N
420260;1761,1;N
420270;1761,1;N
420280;1761,1;N
420285;1761,1;N
420287;1761,1;N
420290;1761,1;N
420310;1761,1;N
420315;1761,1;N
420320;1761,1;N
420325;1761,1;N
420330;1761,1;N
420340;1761,1;N
420350;1761,1;N
420370;1761,1;N
420380;1761,1;N
420390;1761,1;N
420395;1761,1;N
420400;1761,1;N
420410;1761,1;N
420415;1761,1;N
420417;1761,1;N
420419;1761,1;N
420425;1761,1;N
420430;1761,1;N
420435;1761,1;N
420440;1761,1;N
420445;1761,1;N
420450;1761,1;N
420455;1761,1;N
420460;1761,1;N
420470;1761,1;N
420475;1761,1;N
420490;1761,1;N
420510;1761,1;N
420515;1761,1;N
420517;1761,1;N
420519;1761,1;N
420520;1761,1;N
420530;1761,1;N
420535;1761,1;N
420543;1761,1;N
420545;1761,1;N
420550;1761,1;N
420555;1761,1;N
420560;1761,1;N
420570;1761,1;N
420580;1761,1;N
420590;1761,1;N
420600;1761,1;N
420610;1761,1;N
420620;1761,1;N
420630;1761,1;N
420640;1761,1;N
420650;1761,1;N
420660;1761,1;N
420665;1761,1;N
420670;1761,1;N
420675;1761,1;N
420680;1761,1;N
420690;1761,1;N
420700;1761,1;N
420710;1761,1;N
420720;1761,1;N
420730;1761,1;N
420740;1761,1;N
420757;1761,1;N
420760;1761,1;N
420765;1761,1;N
420768;1761,1;N
420770;1761,1;N
420775;1761,1;N
420780;1761,1;N
420785;1761,1;N
420790;1761,1;N
420800;1761,1;N
420810;1761,1;N
420830;1761,1;N
420840;1761,1;N
420860;1761,1;N
420870;1761,1;N
420880;1761,1;N
420890;1761,1;N
420895;1761,1;N
420910;1761,1;N
420915;1761,1;N
420917;1761,1;N
420920;1761,1;N
420945;1761,1;N
420950;1761,1;N
420960;1761,1;N
420970;1761,1;N
420980;1761,1;N
420985;1761,1;N
420990;1761,1;N
421000;1761,1;N
421003;1761,1;N
421005;1761,1;N
421010;1761,1;N
421020;1761,1;N
421040;1761,1;N
421050;1761,1;N
421055;1761,1;N
421060;1761,1;N
421070;1761,1;N
421080;1761,1;N
421085;1761,1;N
421090;1761,1;N
421100;1761,1;N
421105;1761,1;N
421110;1761,1;N
421120;1761,1;N
421125;1761,1;N
421130;1761,1;N
421140;1761,1;N
421145;1761,1;N
421150;1761,1;N
421160;1761,1;N
421170;1761,1;N
421175;1761,1;N
421180;1761,1;N
421185;1761,1;N
421187;1761,1;N
421189;1761,1;N
421190;1761,1;N
421200;1761,1;N
421205;1761,1;N
421210;1761,1;N
421220;1761,1;N
421223;1761,1;N
421225;1761,1;N
421227;1761,1;N
421230;1761,1;N
421240;1761,1;N
421250;1761,1;N
421260;1761,1;N
421265;1761,1;N
421270;1761,1;N
421280;1761,1;N
421290;1761,1;N
421300;1761,1;N
421310;1761,1;N
421315;1761,1;N
421320;1761,1;N
421330;1761,1;N
421335;1761,1;N
421340;1761,1;N
421350;1761,1;N
421360;1761,1;N
421370;1761,1;N
421380;1761,1;N
421390;1761,1;N
421400;1761,1;N
421410;1761,1;N
421415;1761,1;N
421420;1761,1;N
421440;1761,1;N
421460;1761,1;N
421470;1761,1;N
421480;1761,1;N
421490;1761,1;N
421505;1761,1;N
421507;1761,1;N
421510;1761,1;N
421520;1761,1;N
421530;1761,1;N
421535;1761,1;N
421540;1761,1;N
421545;1761,1;N
421550;1761,1;N
421555;1761,1;N
421560;1761,1;N
421565;1761,1;N
421567;1761,1;N
421568;1761,1;N
421569;1761,1;N
421570;1761,1;N
421575;1761,1;N
421580;1761,1;N
421590;1761,1;N
421600;1761,1;N
421605;1761,1;N
421610;1761,1;N
421620;1761,1;N
421625;1761,1;N
421630;1761,1;N
421635;1761,1;N
421640;1761,1;N
421660;1761,1;N
421670;1761,1;N
421680;1761,1;N
421690;1761,1;N
421700;1761,1;N
421710;1761,1;N
421715;1761,1;N
421725;1761,1;N
421730;1761,1;N
421740;1761,1;N
421750;1761,1;N
421755;1761,1;N
421760;1761,1;N
421770;1761,1;N
421775;1761,1;N
421780;1761,1;N
421790;1761,1;N
421795;1761,1;N
421800;1761,1;N
421810;1761,1;N
421820;1761,1;N
421825;1761,1;N
421830;1761,1;N
421835;1761,1;N
421840;1761,1;N
421850;1761,1;N
421860;1761,1;N
421870;1761,1;N
421875;1761,1;N
421880;1761,1;N
421885;1761,1;N
421890;1761,1;N
421895;1761,1;N
421910;1761,1;N
421915;1761,1;N
421917;1761,1;N
421920;1761,1;N
421930;1761,1;N
421935;1761,1;N
421940;1761,1;N
421960;1761,1;N
421970;1761,1;N
421985;1761,1;N
422000;1761,1;N
430003;1920,1;N
430005;1920,1;N
430010;1920,1;N
430020;1920,1;N
430030;1920,1;N
430045;1920,1;N
430047;1920,1;N
430050;1920,1;N
430055;1920,1;N
430057;1920,1;N
430060;1920,1;N
430063;1920,1;N
430064;1920,1;N
430066;1920,1;N
430070;1920,1;N
430080;1920,1;N
430085;1920,1;N
430087;1920,1;N
430090;1920,1;N
430100;1920,1;N
430105;1920,1;N
430107;1920,1;N
430110;1920,1;N
430120;1920,1;N
430130;1920,1;N
430140;1920,1;N
430150;1920,1;N
430155;1920,1;N
430163;1920,1;N
430165;1920,1;N
430170;1920,1;N
430175;1920,1;N
430180;1920,1;N
430185;1920,1;N
430187;1920,1;N
430190;1920,1;N
430192;1920,1;N
430195;1920,1;N
430200;1920,1;N
430205;1920,1;N
430215;1920,1;N
430220;1920,1;N
430222;1920,1;N
430223;1920,1;N
430225;1920,1;N
430230;1920,1;N
430235;1920,1;N
430237;1920,1;N
430240;1920,1;N
430245;1920,1;N
430250;1920,1;N
430258;1920,1;N
430260;1920,1;N
430265;1920,1;N
430270;1920,1;N
430290;1920,1;N
430300;1920,1;N
430310;1920,1;N
430320;1920,1;N
430330;1920,1;N
430340;1920,1;N
430355;1920,1;N
430367;1920,1;N
430370;1920,1;N
430380;1920,1;N
430400;1920,1;N
430410;1920,1;N
430420;1920,1;N
430430;1920,1;N
430435;1920,1;N
430460;1920,1;N
430461;1920,1;N
430462;1920,1;N
430463;1920,1;N
430465;1920,1;N
430467;1920,1;N
430468;1920,1;N
430469;1920,1;N
430470;1920,1;N
430471;1920,1;N
430480;1920,1;N
430485;1920,1;N
430490;1920,1;N
430495;1920,1;N
430500;1920,1;N
430510;1920,1;N
430511;1920,1;N
430512;1920,1;N
430513;1920,1;N
430515;1920,1;N
430517;1920,1;N
430520;1920,1;N
430530;1920,1;N
430535;1920,1;N
430537;1920,1;N
430540;1920,1;N
430543;1920,1;N
430544;1920,1;N
430545;1920,1;N
430550;1920,1;N
430558;1920,1;N
430560;1920,1;N
430570;1920,1;N
430580;1920,1;N
430583;1920,1;N
430585;1920,1;N
430587;1920,1;N
430590;1920,1;N
430593;1920,1;N
430595;1920,1;N
430597;1920,1;N
430600;1920,1;N
430605;1920,1;N
430607;1920,1;N
430613;1920,1;N
430620;1920,1;N
430630;1920,1;N
430632;1920,1;N
430635;1920,1;N
430637;1920,1;N
430640;1920,1;N
430642;1920,1;N
430645;1920,1;N
430650;1920,1;N
430655;1920,1;N
430670;1920,1;N
430673;1920,1;N
430675;1920,1;N
430676;1920,1;N
430680;1920,1;N
430692;1920,1;N
430693;1920,1;N
430695;1920,1;N
430697;1920,1;N
430705;1920,1;N
430710;1920,1;N
430720;1920,1;N
430730;1920,1;N
430740;1920,1;N
430745;1920,1;N
430750;1920,1;N
430755;1920,1;N
430760;1920,1;N
430770;1920,1;N
430780;1920,1;N
430781;1920,1;N
430783;1920,1;N
430786;1920,1;N
430790;1920,1;N
430800;1920,1;N
430805;1920,1;N
430807;1920,1;N
430810;1920,1;N
430820;1920,1;N
430825;1920,1;N
430830;1920,1;N
430840;1920,1;N
430843;1920,1;N
430845;1920,1;N
430860;1920,1;N
430865;1920,1;N
430870;1920,1;N
430880;1920,1;N
430885;1920,1;N
430890;1920,1;N
430900;1920,1;N
430905;1920,1;N
430910;1920,1;N
430912;1920,1;N
430915;1920,1;N
430920;1920,1;N
430925;1920,1;N
430930;1920,1;N
430940;1920,1;N
430950;1920,1;N
430955;1920,1;N
430957;1920,1;N
430960;1920,1;N
430965;1920,1;N
430970;1920,1;N
430975;1920,1;N
430980;1920,1;N
430990;1920,1;N
430995;1920,1;N
431010;1920,1;N
431020;1920,1;N
431030;1920,1;N
431033;1920,1;N
431036;1920,1;N
431040;1920,1;N
431041;1920,1;N
431043;1920,1;N
431046;1920,1;N
431050;1920,1;N
431053;1920,1;N
431055;1920,1;N
431057;1920,1;N
431060;1920,1;N
431065;1920,1;N
431070;1920,1;N
431075;1920,1;N
431080;1920,1;N
431085;1920,1;N
431087;1920,1;N
431090;1920,1;N
431110;1920,1;N
431112;1920,1;N
431113;1920,1;N
431115;1920,1;N
431120;1920,1;N
431123;1920,1;N
431125;1920,1;N
431127;1920,1;N
431140;1920,1;N
431142;1920,1;N
431150;1920,1;N
431160;1920,1;N
431162;1920,1;N
431164;1920,1;N
431170;1920,1;N
431171;1920,1;N
431173;1920,1;N
431175;1920,1;N
431177;1920,1;N
431179;1920,1;N
431180;1920,1;N
431190;1920,1;N
431198;1920,1;N
431200;1920,1;N
431205;1920,1;N
431210;1920,1;N
431213;1920,1;N
431215;1920,1;N
431217;1920,1;N
431220;1920,1;N
431225;1920,1;N
431230;1920,1;N
431235;1920,1;N
431237;1920,1;N
431238;1920,1;N
431240;1920,1;N
431242;1920,1;N
431244;1920,1;N
431245;1920,1;N
431247;1920,1;N
431260;1920,1;N
431261;1920,1;N
431262;1920,1;N
431265;1920,1;N
431267;1920,1;N
431270;1920,1;N
431275;1920,1;N
431280;1920,1;N
431290;1920,1;N
431295;1920,1;N
431300;1920,1;N
431301;1920,1;N
431303;1920,1;N
431306;1920,1;N
431308;1920,1;N
431310;1920,1;N
431320;1920,1;N
431330;1920,1;N
431333;1920,1;N
431335;1920,1;N
431337;1920,1;N
431339;1920,1;N
431340;1920,1;N
431342;1920,1;N
431344;1920,1;N
431346;1920,1;N
431349;1920,1;N
431350;1920,1;N
431360;1920,1;N
431365;1920,1;N
431380;1920,1;N
431390;1920,1;N
431395;1920,1;N
431400;1920,1;N
431402;1920,1;N
431403;1920,1;N
431405;1920,1;N
431406;1920,1;N
431407;1920,1;N
431413;1920,1;N
431415;1920,1;N
431417;1920,1;N
431420;1920,1;N
431430;1920,1;N
431440;1920,1;N
431442;1920,1;N
431445;1920,1;N
431446;1920,1;N
431447;1920,1;N
431449;1920,1;N
431450;1920,1;N
431454;1920,1;N
431455;1920,1;N
431460;1920,1;N
431470;1920,1;N
431475;1920,1;N
431477;1920,1;N
431478;1920,1;N
431480;1920,1;N
431500;1920,1;N
431505;1920,1;N
431507;1920,1;N
431510;1920,1;N
431513;1920,1;N
431514;1920,1;N
431515;1920,1;N
431517;1920,1;N
431520;1920,1;N
431531;1920,1;N
431532;1920,1;N
431535;1920,1;N
431540;1920,1;N
431545;1920,1;N
431550;1920,1;N
431555;1920,1;N
431575;1920,1;N
431580;1920,1;N
431590;1920,1;N
431595;1920,1;N
431600;1920,1;N
431610;1920,1;N
431620;1920,1;N
431630;1920,1;N
431640;1920,1;N
431642;1920,1;N
431643;1920,1;N
431645;1920,1;N
431647;1920,1;N
431650;1920,1;N
431660;1920,1;N
431670;1920,1;N
431673;1920,1;N
431675;1920,1;N
431680;1920,1;N
431695;1920,1;N
431697;1920,1;N
431700;1920,1;N
431710;1920,1;N
431725;1920,1;N
431750;1920,1;N
431755;1920,1;N
431760;1920,1;N
431770;1920,1;N
431775;1920,1;N
431790;1920,1;N
431795;1920,1;N
431805;1920,1;N
431810;1920,1;N
431820;1920,1;N
431840;1920,1;N
431842;1920,1;N
431843;1920,1;N
431844;1920,1;N
431845;1920,1;N
431846;1920,1;N
431848;1920,1;N
431849;1920,1;N
431850;1920,1;N
431860;1920,1;N
431861;1920,1;N
431870;1920,1;N
431880;1920,1;N
431900;1920,1;N
431910;1920,1;N
431912;1920,1;N
431915;1920,1;N
431920;1920,1;N
431930;1920,1;N
431935;1920,1;N
431936;1920,1;N
431937;1920,1;N
431940;1920,1;N
431950;1920,1;N
431960;1920,1;N
431970;1920,1;N
431971;1920,1;N
431973;1920,1;N
431975;1920,1;N
431990;1920,1;N
432000;1920,1;N
432010;1920,1;N
432020;1920,1;N
432023;1920,1;N
432026;1920,1;N
432030;1920,1;N
432032;1920,1;N
432035;1920,1;N
432045;1920,1;N
432050;1920,1;N
432055;1920,1;N
432057;1920,1;N
432060;1920,1;N
432065;1920,1;N
432067;1920,1;N
432070;1920,1;N
432085;1920,1;N
432090;1920,1;N
432100;1920,1;N
432110;1920,1;N
432120;1920,1;N
432130;1920,1;N
432132;1920,1;N
432135;1920,1;N
432140;1920,1;N
432143;1920,1;N
432146;1920,1;N
432147;1920,1;N
432149;1920,1;N
432150;1920,1;N
432162;1920,1;N
432163;1920,1;N
432166;1920,1;N
432170;1920,1;N
432180;1920,1;N
432183;1920,1;N
432185;1920,1;N
432190;1920,1;N
432195;1920,1;N
432200;1920,1;N
432210;1920,1;N
432215;1920,1;N
432218;1920,1;N
432225;1920,1;N
432230;1920,1;N
432232;1920,1;N
432234;1920,1;N
432235;1920,1;N
432237;1920,1;N
432252;1920,1;N
432253;1920,1;N
432254;1920,1;N
432255;1920,1;N
432260;1920,1;N
432270;1920,1;N
432280;1920,1;N
432285;1920,1;N
432290;1920,1;N
432300;1920,1;N
432310;1920,1;N
432320;1920,1;N
432330;1920,1;N
432335;1920,1;N
432340;1920,1;N
432345;1920,1;N
432350;1920,1;N
432360;1920,1;N
432370;1920,1;N
432375;1920,1;N
432377;1920,1;N
432380;1920,1;N
500025;968,4;N
500070;968,4;N
500080;968,4;N
500085;968,4;N
500090;968,4;N
500100;968,4;N
500124;968,4;N
500150;968,4;N
500200;968,4;N
500210;968,4;N
500215;968,4;N
500220;968,4;N
500230;968,4;N
500240;968,4;N
500260;968,4;N
500280;968,4;N
500310;968,4;N
500315;968,4;N
500345;968,4;N
500348;968,4;N
500350;968,4;N
500375;968,4;N
500380;968,4;N
500390;968,4;N
500400;968,4;N
500410;968,4;N
500430;968,4;N
500440;968,4;N
500450;968,4;N
500480;968,4;N
500490;968,4;N
500510;968,4;N
500520;968,4;N
500525;968,4;N
500568;968,4;N
500570;968,4;N
500580;968,4;N
500600;968,4;N
500620;968,4;N
500625;968,4;N
500627;968,4;N
500635;968,4;N
500640;968,4;N
500710;968,4;N
500730;968,4;N
500740;968,4;N
500750;968,4;N
500755;968,4;N
500780;968,4;N
500795;968,4;N
500797;968,4;N
500800;968,4;N
500840;968,4;N
510010;800,6;N
510035;800,6;N
510040;800,6;N
510050;800,6;N
510100;800,6;N
510120;800,6;N
510125;800,6;N
510130;800,6;N
510140;800,6;N
510160;800,6;N
510170;800,6;N
510180;800,6;N
510185;800,6;N
510250;800,6;N
510260;800,6;N
510263;800,6;N
510268;800,6;N
510269;800,6;N
510270;800,6;N
510285;800,6;N
510300;800,6;N
510305;800,6;N
510310;800,6;N
510320;800,6;N
510325;800,6;N
510335;800,6;N
510336;800,6;N
510340;800,6;N
510343;800,6;N
510345;800,6;N
510350;800,6;N
510360;800,6;N
510370;800,6;N
510380;800,6;N
510390;800,6;N
510395;800,6;N
510450;800,6;N
510452;800,6;N
510454;800,6;N
510455;800,6;N
510480;800,6;N
510490;800,6;N
510500;800,6;N
510517;800,6;N
510520;800,6;N
510523;800,6;N
510525;800,6;N
510530;800,6;N
510558;800,6;N
510560;800,6;N
510562;800,6;N
510590;800,6;N
510600;800,6;N
510610;800,6;N
510615;800,6;N
510617;800,6;N
510618;800,6;N
510619;800,6;N
510620;800,6;N
510621;800,6;N
510622;800,6;N
510623;800,6;N
510625;800,6;N
510626;800,6;N
510627;800,6;N
510628;800,6;N
510629;800,6;N
510631;800,6;N
510637;800,6;N
510642;800,6;N
510645;800,6;N
510650;800,6;N
510665;800,6;N
510670;800,6;N
510677;800,6;N
510680;800,6;N
510682;800,6;N
510700;800,6;N
510710;800,6;N
510715;800,6;N
510718;800,6;N
510719;800,6;N
510720;800,6;N
510724;800,6;N
510726;800,6;N
510729;800,6;N
510730;800,6;N
510740;800,6;N
510757;800,6;N
510774;800,6;N
510776;800,6;N
510777;800,6;N
510780;800,6;N
510785;800,6;N
510794;800,6;N
510800;800,6;N
510805;800,6;N
510810;800,6;N
510820;800,6;N
510830;800,6;N
510835;800,6;N
510840;800,6;N
510850;800,6;N
510860;800,6;N
510880;800,6;N
510885;800,6;N
510895;800,6;N
520005;1071,8;N
520010;1071,8;N
520013;1071,8;N
520015;1071,8;N
520017;1071,8;N
520020;1071,8;N
520025;1071,8;N
520030;1071,8;N
520050;1071,8;N
520055;1071,8;N
520080;1071,8;N
520082;1071,8;N
520085;1071,8;N
520090;1071,8;N
520110;1071,8;N
520120;1071,8;N
520130;1071,8;N
520140;1071,8;N
520145;1071,8;N
520150;1071,8;N
520160;1071,8;N
520180;1071,8;N
520215;1071,8;N
520235;1071,8;N
520250;1071,8;N
520260;1071,8;N
520280;1071,8;N
520310;1071,8;N
520320;1071,8;N
520330;1071,8;N
520340;1071,8;N
520350;1071,8;N
520355;1071,8;N
520357;1071,8;N
520360;1071,8;N
520380;1071,8;N
520390;1071,8;N
520393;1071,8;N
520396;1071,8;N
520400;1071,8;N
520410;1071,8;N
520420;1071,8;N
520425;1071,8;N
520430;1071,8;N
520450;1071,8;N
520455;1071,8;N
520460;1071,8;N
520465;1071,8;N
520470;1071,8;N
520480;1071,8;N
520485;1071,8;N
520490;1071,8;N
520495;1071,8;N
520500;1071,8;N
520505;1071,8;N
520520;1071,8;N
520530;1071,8;N
520540;1071,8;N
520545;1071,8;N
520547;1071,8;N
520549;1071,8;N
520551;1071,8;N
520552;1071,8;N
520570;1071,8;N
520580;1071,8;N
520590;1071,8;N
520630;1071,8;N
520640;1071,8;N
520650;1071,8;N
520660;1071,8;N
520670;1071,8;N
520680;1071,8;N
520690;1071,8;N
520710;1071,8;N
520725;1071,8;N
520735;1071,8;N
520750;1071,8;N
520753;1071,8;N
520760;1071,8;N
520780;1071,8;N
520790;1071,8;N
520800;1071,8;N
520810;1071,8;N
520815;1071,8;N
520830;1071,8;N
520840;1071,8;N
520850;1071,8;N
520880;1071,8;N
520910;1071,8;N
520915;1071,8;N
520920;1071,8;N
520929;1071,8;N
520940;1071,8;N
520945;1071,8;N
520960;1071,8;N
520970;1071,8;N
520980;1071,8;N
520990;1071,8;N
520993;1071,8;N
520995;1071,8;N
521000;1071,8;N
521010;1071,8;N
521015;1071,8;N
521030;1071,8;N
521040;1071,8;N
521056;1071,8;N
521060;1071,8;N
521080;1071,8;N
521100;1071,8;N
521120;1071,8;N
521130;1071,8;N
521140;1071,8;N
521160;1071,8;N
521170;1071,8;N
521180;1071,8;N
521200;1071,8;N
521205;1071,8;N
521210;1071,8;N
521220;1071,8;N
521225;1071,8;N
521230;1071,8;N
521260;1071,8;N
521270;1071,8;N
521280;1071,8;N
521290;1071,8;N
521295;1071,8;N
521300;1071,8;N
521305;1071,8;N
521308;1071,8;N
521340;1071,8;N
521370;1071,8;N
521375;1071,8;N
521377;1071,8;N
521385;1071,8;N
521390;1071,8;N
521400;1071,8;N
521405;1071,8;N
521410;1071,8;N
521440;1071,8;N
521450;1071,8;N
521460;1071,8;N
521470;1071,8;N
521480;1071,8;N
521483;1071,8;N
521486;1071,8;N
521487;1071,8;N
521490;1071,8;N
521500;1071,8;N
521520;1071,8;N
521523;1071,8;N
521525;1071,8;N
521530;1071,8;N
521540;1071,8;N
521550;1071,8;N
521560;1071,8;N
521565;1071,8;N
521570;1071,8;N
521580;1071,8;N
521590;1071,8;N
521600;1071,8;N
521630;1071,8;N
521645;1071,8;N
521680;1071,8;N
521690;1071,8;N
521710;1071,8;N
521720;1071,8;N
521730;1071,8;N
521760;1071,8;N
521770;1071,8;N
521805;1071,8;N
521810;1071,8;N
521839;1071,8;N
521850;1071,8;N
521860;1071,8;N
521870;1071,8;N
521878;1071,8;N
521890;1071,8;N
521900;1071,8;N
521910;1071,8;N
521920;1071,8;N
521925;1071,8;N
521930;1071,8;N
521935;1071,8;N
521940;1071,8;N
521945;1071,8;N
521950;1071,8;N
521960;1071,8;N
521970;1071,8;N
521971;1071,8;N
521973;1071,8;N
521975;1071,8;N
521980;1071,8;N
521990;1071,8;N
522000;1071,8;N
522005;1071,8;N
522010;1071,8;N
522015;1071,8;N
522026;1071,8;N
522028;1071,8;N
522045;1071,8;N
522050;1071,8;N
522068;1071,8;N
522070;1071,8;N
522100;1071,8;N
522108;1071,8;N
522119;1071,8;N
522130;1071,8;N
522140;1071,8;N
522145;1071,8;N
522150;1071,8;N
522155;1071,8;N
522157;1071,8;N
522160;1071,8;N
522170;1071,8;N
522180;1071,8;N
522185;1071,8;N
522190;1071,8;N
522200;1071,8;N
522205;1071,8;N
522220;1071,8;N
522230;1071,8;N
